원본ID,구역명,자치구,유형,세부유형,단계,공개본
11000UQ120PS202407010884,"개포 경남,우성3,현대1",강남구,신속통합기획,신속통합기획,기획완료,2026-09-10
11000UQ120PS202601310005,"개포우성1,2차",강남구,신속통합기획,신속통합기획,대상지선정(추진중),2026-09-10
11000UQ120PS202411014212,개포우성4차,강남구,재건축,재건축(공동),조합설립인가,2026-09-10
11000UQ120PS202411014211,개포우성6차,강남구,재건축,재건축(공동),조합설립인가,2026-09-10
11000UQ120PS202411014215,개포우성7차,강남구,재건축,재건축(공동),조합설립인가,2026-09-10
11000UQ120PS202408313074,개포주공5단지,강남구,재건축,재건축(공동),관리처분계획인가,2026-09-10
11000UQ120PS202408313076,"개포주공6,7단지",강남구,재건축,재건축(공동),사업시행인가,2026-09-10
11680UQ120PS202603100001,개포현대2차,강남구,신속통합기획,신속통합기획,대상지선정(추진중),2026-09-10
11680UQ120PS202605200001,개포현대2차,강남구,재건축,재건축(공동),추진위구성,2026-09-10
11000UQ120PS202601310089,개포현대4차아파트,강남구,재건축,소규모재건축사업,조합설립인가,2026-09-10
11680UQ120PS202603120001,"개포현대아파트 200동,220동",강남구,재건축,소규모재건축사업,조합설립인가,2026-09-10
11000UQ120PS202601310069,"경우현(개포경남,우성3차,현대1차)",강남구,재건축,재건축(공동),추진위구성,2026-09-10
11000UQ120PS202411014132,논현동현,강남구,재건축,재건축(공동),추진위구성,2026-09-10
11000UQ120PS202505319994,논현청학 소규모재건축사업,강남구,재건축,소규모재건축사업,조합설립인가,2026-09-10
11000UQ120PS202505319993,대성연립 소규모재건축사업,강남구,재건축,소규모재건축사업,조합설립인가,2026-09-10
11680UQ120PS202604020001,대치 미도,강남구,신속통합기획,신속통합기획,기획완료,2026-09-10
11000UQ120PS202601310070,대치미도,강남구,재건축,재건축(공동),추진위구성,2026-09-10
11000UQ120PS202601310001,대치선경,강남구,신속통합기획,신속통합기획,대상지선정(추진중),2026-09-10
11680UQ120PS202607300002,대치선경,강남구,재건축,재건축(공동),추진위구성,2026-09-10
11000UQ120PS202411014183,대치쌍용1차,강남구,재건축,재건축(공동),사업시행인가,2026-09-10
11000UQ120PS202411014157,대치쌍용2차(통합재건축),강남구,재건축,재건축(공동),사업시행인가,2026-09-10
11000UQ120PS202505310003,"대치우성1,쌍용2",강남구,신속통합기획,신속통합기획,대상지선정(추진중),2026-09-10
11680UQ120PS202606300001,대치우성1차(통합재건축),강남구,재건축,재건축(공동),사업시행인가,2026-09-10
11000UQ120PS202505310002,대치은마,강남구,신속통합기획,신속통합기획,기획완료,2026-09-10
11000UQ120PS202505319992,도곡개포럭키아파트 소규모재건축사업,강남구,재건축,소규모재건축사업,사업시행계획인가,2026-09-10
11680UQ120PS202604100001,도곡개포한신,강남구,재건축,재건축(공동),관리처분계획인가,2026-09-10
11000UQ120PS202411014152,도곡삼익,강남구,재건축,재건축(공동),추진위구성,2026-09-10
11000UQ120PS202411014156,도곡삼호,강남구,재건축,재건축(공동),착공,2026-09-10
11000UQ120PS202411014148,도곡우성,강남구,재건축,재건축(공동),조합설립인가,2026-09-10
11000UQ120PS202505319991,도곡우성5차 소규모재건축사업,강남구,재건축,소규모재건축사업,조합설립추진중,2026-09-10
11000UQ120PS202601310002,상록수아파트,강남구,신속통합기획,신속통합기획,기획완료,2026-09-10
11680UQ120PS202607300001,상록수아파트,강남구,재건축,재건축(공동),구역지정,2026-09-10
11000UQ120PS202505319990,신성아트빌라 소규모재건축사업,강남구,재건축,소규모재건축사업,조합설립추진중,2026-09-10
11680UQ120PS202603090001,압구정2,강남구,신속통합기획,신속통합기획,기획완료,2026-09-10
11000UQ120PS202407010876,압구정3,강남구,신속통합기획,신속통합기획,기획완료,2026-09-10
11000UQ120PS202407010877,압구정4,강남구,신속통합기획,신속통합기획,기획완료,2026-09-10
11000UQ120PS202407010878,압구정5,강남구,신속통합기획,신속통합기획,기획완료,2026-09-10
11000UQ120PS202411014234,압구정아파트지구특별계획구역1,강남구,재건축,재건축(공동),추진위구성,2026-09-10
11680UQ120PS202603090002,압구정아파트지구특별계획구역2,강남구,재건축,재건축(공동),조합설립인가,2026-09-10
11000UQ120PS202411014197,압구정아파트지구특별계획구역3,강남구,재건축,재건축(공동),조합설립인가,2026-09-10
11000UQ120PS202411014198,압구정아파트지구특별계획구역4,강남구,재건축,재건축(공동),조합설립인가,2026-09-10
11000UQ120PS202411014199,압구정아파트지구특별계획구역5,강남구,재건축,재건축(공동),조합설립인가,2026-09-10
11680UQ120PS202605200002,압구정아파트지구특별계획구역6,강남구,재건축,재건축(공동),조합설립인가,2026-09-10
11000UQ120PS202411014155,"역삼동(758,은하수,760)",강남구,재건축,재건축(공동),착공,2026-09-10
11000UQ120PS202505319989,역삼아트빌라 소규모재건축사업,강남구,재건축,소규모재건축사업,준공,2026-09-10
11680UQ120PS202604280001,은마아파트,강남구,재건축,재건축(공동),사업시행인가,2026-09-10
11000UQ120PS202505310004,일원가람,강남구,신속통합기획,신속통합기획,기획완료,2026-09-10
11680UQ120PS202605200003,일원가람,강남구,재건축,재건축(공동),추진위구성,2026-09-10
11680UQ120PS202604130001,일원개포한신,강남구,재건축,재건축(공동),관리처분계획인가,2026-09-10
11000UQ120PS202503070082,일원동 대청마을 북측구역,강남구,모아타운,모아타운,대상지선정,2026-09-10
11000UQ120PS202601310004,일원청솔,강남구,신속통합기획,신속통합기획,대상지선정(추진중),2026-09-10
11000UQ120PS202601310003,일원한,강남구,신속통합기획,신속통합기획,대상지선정(추진중),2026-09-10
11680UQ120PS202608280001,일원한솔아파트,강남구,재건축,재건축(공동),추진위구성,2026-09-10
11000UQ120PS202505319988,청담현대1차아파트 소규모재건축사업,강남구,재건축,소규모재건축사업,조합설립인가,2026-09-10
11000UQ120PS202505310779,효성빌라 소규모재건축사업,강남구,재건축,소규모재건축사업,조합설립추진중,2026-09-10
11000UQ120PS202505310780,고덕대우아파트 소규모재건축정비사업,강동구,재건축,소규모재건축사업,조합설립인가,2026-09-10
11000UQ120PS202505310005,고덕주공9,강동구,신속통합기획,신속통합기획,대상지선정(추진중),2026-09-10
11000UQ120PS202505310775,길동 171지구,강동구,재개발,소규모재개발사업,조합설립추진중,2026-09-10
11000UQ120PS202505310781,길동 한전우성아파트 소규모재건축사업,강동구,재건축,소규모재건축사업,조합설립인가,2026-09-10
11000UQ120PS202503070016,둔촌동 77-41번지 일대,강동구,모아타운,모아타운,관리지역고시,2026-09-10
11000UQ120PS202505310767,둔촌동 84지구,강동구,재개발,소규모재개발사업,조합설립인가,2026-09-10
11000UQ120PS202407010873,명일동고덕현대,강동구,신속통합기획,신속통합기획,기획완료,2026-09-10
11740UQ120PS202605200001,명일동고덕현대,강동구,재건축,재건축(공동),추진위구성,2026-09-10
11740UQ120PS202607010002,명일삼익그린11차아파트,강동구,재건축,소규모재건축사업,조합설립인가,2026-09-10
11000UQ120PS202407010960,명일신동아,강동구,신속통합기획,신속통합기획,기획완료,2026-09-10
11740UQ120PS202605200002,명일신동아,강동구,재건축,재건축(공동),구역지정,2026-09-10
11000UQ120PS202601310006,명일우성,강동구,신속통합기획,신속통합기획,대상지선정(추진중),2026-09-10
11000UQ120PS202502050001,명일한양,강동구,신속통합기획,신속통합기획,대상지선정(추진중),2026-09-10
11000UQ120PS202411014246,삼익그린2차,강동구,재건축,재건축(공동),조합설립인가,2026-09-10
11000UQ120PS202411014179,삼익맨션,강동구,재건축,재건축(공동),조합설립인가,2026-09-10
11000UQ120PS202411014129,삼익파크,강동구,재건축,재건축(공동),관리처분계획인가,2026-09-10
11000UQ120PS202505310782,상일동 보훈주택,강동구,재건축,소규모재건축사업,사업시행계획인가,2026-09-10
11740UQ120PS202605200003,상일동대림빌라,강동구,재건축,재건축(공동),추진위구성,2026-09-10
11740UQ120PS202605200004,상일동삼성빌라,강동구,재건축,재건축(공동),추진위구성,2026-09-10
11000UQ120PS202601310008,상일동우성타운,강동구,신속통합기획,신속통합기획,대상지선정(추진중),2026-09-10
11740UQ120PS202605200005,상일동우성타운,강동구,재건축,재건축(공동),추진위구성,2026-09-10
11740UQ120PS202605200006,상일동현대빌라,강동구,재건축,재건축(공동),추진위구성,2026-09-10
11000UQ120PS202601310007,성내현대,강동구,신속통합기획,신속통합기획,대상지선정(추진중),2026-09-10
11000UQ120PS202601310090,"유원연립,뉴삼성빌",강동구,재건축,소규모재건축사업,조합설립인가,2026-09-10
11000UQ120PS202411014115,천호3,강동구,재건축,재건축(단독),준공,2026-09-10
11000UQ120PS202601310045,천호3-1,강동구,재개발,재개발(주택정비형),추진위구성,2026-09-10
11740UQ120PS202604100001,천호3-1,강동구,신속통합기획,신속통합기획,기획완료,2026-09-10
11000UQ120PS202407010859,천호3-2,강동구,신속통합기획,신속통합기획,기획완료,2026-09-10
11000UQ120PS202411014499,천호3-2,강동구,재개발,재개발(주택정비형),건축심의,2026-09-10
11000UQ120PS202407010860,천호3-3,강동구,신속통합기획,신속통합기획,기획완료,2026-09-10
11000UQ120PS202411014500,천호3-3,강동구,재개발,재개발(주택정비형),조합설립인가,2026-09-10
11000UQ120PS202411014338,천호4,강동구,재개발,재개발(도시정비형),준공,2026-09-10
11000UQ120PS202411014337,천호8,강동구,재개발,재개발(도시정비형),건축심의,2026-09-10
11000UQ120PS202503310003,천호A1-1,강동구,재개발,재개발(주택정비형),조합설립인가,2026-09-10
11000UQ120PS202411014509,천호A1-2,강동구,재개발,재개발(주택정비형),조합설립인가,2026-09-10
11000UQ120PS202407010903,천호A1-2구역,강동구,신속통합기획,신속통합기획,기획완료,2026-09-10
11740UQ120PS202607210001,천호동 113-2번지 일대,강동구,모아타운,모아타운,관리지역고시,2026-09-10
11000UQ120PS202503070098,천호동 338번지 일대,강동구,모아타운,모아타운,관리지역고시,2026-09-10
11000UQ120PS202411014169,천호우성아파트,강동구,재건축,재건축(공동),관리처분계획인가,2026-09-10
11000UQ120PS202505310783,효성빌라 소규모재건축사업,강동구,재건축,소규모재건축사업,건축심의,2026-09-10
11000UQ120PS202411014320,강북3,강북구,재개발,재개발(도시정비형),관리처분계획인가,2026-09-10
11305UQ120PS202604170005,강북5,강북구,재개발,재개발(도시정비형),건축심의,2026-09-10
11000UQ120PS202505310842,동익연립 일대 주택재건축사업,강북구,재건축,소규모재건축사업,조합설립추진중,2026-09-10
11000UQ120PS202411014409,미아11,강북구,재개발,재개발(주택정비형),건축심의,2026-09-10
11000UQ120PS202411014473,미아2(재촉),강북구,재개발,재개발(주택정비형),조합설립인가,2026-09-10
11000UQ120PS202411014426,미아3(재촉),강북구,재개발,재개발(주택정비형),관리처분계획인가,2026-09-10
11000UQ120PS202411014111,미아4(재촉),강북구,재건축,재건축(단독),관리처분계획인가,2026-09-10
11000UQ120PS202407010867,미아4-1,강북구,신속통합기획,신속통합기획,기획완료,2026-09-10
11000UQ120PS202411014116,미아4-1,강북구,재건축,재건축(단독),조합설립인가,2026-09-10
11000UQ120PS202601310009,미아7,강북구,신속통합기획,신속통합기획,대상지선정(추진중),2026-09-10
11000UQ120PS202411014106,미아9-2,강북구,재건축,재건축(단독),사업시행인가,2026-09-10
11305UQ120PS202603040001,미아동 130 일대,강북구,신속통합기획,신속통합기획,기획완료,2026-09-10
11000UQ120PS202601310010,미아동 159,강북구,신속통합기획,신속통합기획,대상지선정(추진중),2026-09-10
11000UQ120PS202407010947,미아동 258,강북구,신속통합기획,신속통합기획,대상지선정(추진중),2026-09-10
11000UQ120PS202411014523,미아동 345-1 일대,강북구,신속통합기획,신속통합기획,기획완료,2026-09-10
11000UQ120PS202505310007,미아동 75,강북구,신속통합기획,신속통합기획,기획완료,2026-09-10
11000UQ120PS202407010919,미아동 791-2882 일대,강북구,신속통합기획,신속통합기획,기획완료,2026-09-10
11000UQ120PS202503070039,번동 429-114번지 일대,강북구,모아타운,모아타운,관리지역고시,2026-09-10
11000UQ120PS202407010907,번동 441-3일대,강북구,신속통합기획,신속통합기획,기획완료,2026-09-10
11000UQ120PS202503070041,번동 469,강북구,모아타운,모아타운,대상지선정,2026-09-10
11000UQ120PS202407010948,번동148번지일대,강북구,신속통합기획,신속통합기획,대상지선정(추진중),2026-09-10
11305UQ120PS202607060001,번동148번지일대,강북구,재개발,재개발(주택정비형),추진위구성,2026-09-10
11000UQ120PS202503070040,번동2지역(번동 454번지 일대),강북구,모아타운,모아타운,관리지역고시,2026-09-10
11000UQ120PS202503070038,번동3지역(번동 411번지 일대),강북구,모아타운,모아타운,관리지역고시,2026-09-10
11000UQ120PS202601310046,번동441-3번지일대,강북구,재개발,재개발(주택정비형),추진위구성,2026-09-10
11000UQ120PS202505310006,번동주공1단지,강북구,신속통합기획,신속통합기획,대상지선정(추진중),2026-09-10
11000UQ120PS202505310847,보광연립 주택재건축사업,강북구,재건축,소규모재건축사업,사업시행계획인가,2026-09-10
11000UQ120PS202505310848,삼흥연립 주택재건축사업,강북구,재건축,소규모재건축사업,사업시행계획인가,2026-09-10
11000UQ120PS202503070055,수유동 141,강북구,모아타운,모아타운,대상지선정,2026-09-10
11000UQ120PS202503070056,수유동 31-10,강북구,모아타운,모아타운,대상지선정,2026-09-10
11305UQ120PS202606300001,수유동 392-9,강북구,모아타운,모아타운,관리지역고시,2026-09-10
11000UQ120PS202503070058,수유동1지역(수유동 52-1번지 일대),강북구,모아타운,모아타운,관리지역고시,2026-09-10
11000UQ120PS202411014032,강남연립 재건축,강서구,재건축,소규모재건축사업,사업시행계획인가,2026-09-10
11500UQ120PS202605060002,공항동 55-327 일대,강서구,모아타운,모아타운,관리지역고시,2026-09-10
11000UQ120PS202411014034,대근연립 소규모재건축사업,강서구,재건축,소규모재건축사업,건축심의,2026-09-10
11000UQ120PS202411014041,등마루아파트 재건축,강서구,재건축,소규모재건축사업,준공,2026-09-10
11000UQ120PS202411014094,등촌1,강서구,재건축,재건축(단독),착공,2026-09-10
11000UQ120PS202503070017,등촌동 515-44 일대,강서구,모아타운,모아타운,관리지역고시,2026-09-10
11500UQ120PS202605040002,등촌동 520-3 일대,강서구,모아타운,모아타운,관리지역고시,2026-09-10
11000UQ120PS202503310033,등촌동 649 일원 소규모재개발사업,강서구,재개발,소규모재개발사업,조합설립인가,2026-09-10
11000UQ120PS202411014476,방화2,강서구,재개발,재개발(주택정비형),건축심의,2026-09-10
11000UQ120PS202407010896,방화2구역,강서구,신속통합기획,신속통합기획,기획완료,2026-09-10
11000UQ120PS202503070037,방화2동 592-1번지 일대,강서구,모아타운,모아타운,관리지역고시,2026-09-10
11000UQ120PS202411014112,방화3,강서구,재건축,재건축(단독),관리처분계획인가,2026-09-10
11000UQ120PS202411014113,방화5,강서구,재건축,재건축(단독),관리처분계획인가,2026-09-10
11000UQ120PS202411014114,방화6,강서구,재건축,재건축(단독),착공,2026-09-10
11000UQ120PS202411014035,보성연립 소규모재건축사업,강서구,재건축,소규모재건축사업,건축심의,2026-09-10
11000UQ120PS202411014040,세림연립 재건축,강서구,재건축,소규모재건축사업,준공,2026-09-10
11000UQ120PS202411014175,신안빌라,강서구,재건축,재건축(공동),사업시행인가,2026-09-10
11000UQ120PS202601310033,"염창우성1,2삼천리",강서구,신속통합기획,신속통합기획,대상지선정(추진중),2026-09-10
11500UQ120PS202607160001,우성주택 소규모재건축사업,강서구,재건축,소규모재건축사업,조합설립인가,2026-09-10
11000UQ120PS202411014039,원일빌라 재건축,강서구,재건축,소규모재건축사업,준공,2026-09-10
11000UQ120PS202411014042,한성연립 재건축,강서구,재건축,소규모재건축사업,조합설립인가,2026-09-10
11000UQ120PS202503070106,화곡1동 1087번지 일대,강서구,모아타운,모아타운,관리지역고시,2026-09-10
11000UQ120PS202503070108,화곡1동 354번지 일대,강서구,모아타운,모아타운,관리지역고시,2026-09-10
11000UQ120PS202503070109,화곡1동 359번지 일대,강서구,모아타운,모아타운,관리지역고시,2026-09-10
11500UQ120PS202607020002,화곡6동 957-1 일대,강서구,모아타운,모아타운,관리지역고시,2026-09-10
11500UQ120PS202605040001,화곡동 1130-7 일대,강서구,모아타운,모아타운,관리지역고시,2026-09-10
11000UQ120PS202503070110,화곡동 424,강서구,모아타운,모아타운,위원회심의,2026-09-10
11000UQ120PS202505310770,(가칭)봉천동 950-20번지 일원 소규모재개발사업,관악구,재개발,소규모재개발사업,조합설립추진중,2026-09-10
11000UQ120PS202505310838,관악그린빌라 소규모재건축사업,관악구,재건축,소규모재건축사업,건축심의,2026-09-10
11000UQ120PS202505310837,관악아파트 소규모재건축사업,관악구,재건축,소규모재건축사업,조합설립인가,2026-09-10
11000UQ120PS202505310784,궁전연립 소규모재건축사업,관악구,재건축,소규모재건축사업,건축심의,2026-09-10
11620UQ120PS202602250001,난곡동 697-20 일대,관악구,모아타운,모아타운,관리지역고시,2026-09-10
11000UQ120PS202411014170,뉴서울개나리열망연립,관악구,재건축,재건축(공동),사업시행인가,2026-09-10
11000UQ120PS202505310785,대도아파트 소규모재건축사업,관악구,재건축,소규모재건축사업,준공,2026-09-10
11000UQ120PS202411014166,미성동 건영아파트,관악구,재건축,재건축(공동),조합설립인가,2026-09-10
11000UQ120PS202505310786,복권아파트 소규모재건축사업,관악구,재건축,소규모재건축사업,조합설립인가,2026-09-10
11000UQ120PS202411014086,봉천1-1,관악구,재건축,재건축(단독),사업시행인가,2026-09-10
11000UQ120PS202411014492,봉천13,관악구,재개발,재개발(주택정비형),조합설립인가,2026-09-10
11620UQ120PS202607220001,봉천14,관악구,재개발,재개발(주택정비형),사업시행인가,2026-09-10
11000UQ120PS202411014437,봉천4-1-3,관악구,재개발,재개발(주택정비형),사업시행인가,2026-09-10
11620UQ120PS202605070001,성현동 1021 일대,관악구,모아타운,모아타운,관리지역고시,2026-09-10
11000UQ120PS202411014454,신림1,관악구,재개발,재개발(주택정비형),사업시행인가,2026-09-10
11000UQ120PS202505310009,신림10구역,관악구,신속통합기획,신속통합기획,대상지선정(추진중),2026-09-10
11000UQ120PS202407010858,신림1구역,관악구,신속통합기획,신속통합기획,기획완료,2026-09-10
11000UQ120PS202411014458,신림2,관악구,재개발,재개발(주택정비형),착공,2026-09-10
11620UQ120PS202604280001,신림4구역,관악구,신속통합기획,신속통합기획,기획완료,2026-09-10
11620UQ120PS202605200001,신림5,관악구,재개발,재개발(주택정비형),구역지정,2026-09-10
11620UQ120PS202603160001,신림5구역,관악구,신속통합기획,신속통합기획,기획완료,2026-09-10
11000UQ120PS202601310047,신림7,관악구,재개발,재개발(주택정비형),구역지정,2026-09-10
11000UQ120PS202407010901,신림7구역,관악구,신속통합기획,신속통합기획,기획완료,2026-09-10
11620UQ120PS202605200002,신림8,관악구,재개발,재개발(주택정비형),구역지정,2026-09-10
11620UQ120PS202603030001,신림8구역,관악구,신속통합기획,신속통합기획,기획완료,2026-09-10
11620UQ120PS202603030002,신림9구역,관악구,신속통합기획,신속통합기획,대상지선정(추진중),2026-09-10
11000UQ120PS202503070068,신림동 655-78번지 일대,관악구,모아타운,모아타운,관리지역고시,2026-09-10
11000UQ120PS202411014142,신림미성아파트,관악구,재건축,재건축(공동),사업시행인가,2026-09-10
11620UQ120PS202604280002,은천동 635-540번지 일대,관악구,모아타운,모아타운,관리지역고시,2026-09-10
11620UQ120PS202604290001,은천동 938-5번지 일대,관악구,모아타운,모아타운,관리지역고시,2026-09-10
11000UQ120PS202505310787,정창연립 소규모재건축사업,관악구,재건축,소규모재건축사업,사업시행계획인가,2026-09-10
11620UQ120PS202603110001,청룡동 1535,관악구,모아타운,모아타운,관리지역고시,2026-09-10
11000UQ120PS202407010970,광장극동아파트 재건축사업,광진구,재건축,재건축(공동),구역지정,2026-09-10
11000UQ120PS202505310789,광장동 삼성1차아파트 소규모재건축사업,광진구,재건축,소규모재건축사업,조합설립인가,2026-09-10
11215UQ120PS202609030001,구의2동 32번지 일재 주택재개발사업,광진구,신속통합기획,신속통합기획,대상지선정(추진중),2026-09-10
11215UQ120PS202609020001,구의2동 A구역 주택재개발사업,광진구,신속통합기획,신속통합기획,대상지선정(추진중),2026-09-10
11000UQ120PS202505310790,성화연립 주택재건축사업,광진구,재건축,소규모재건축사업,조합설립인가,2026-09-10
11000UQ120PS202411014189,신향빌라 재건축사업,광진구,재건축,재건축(공동),조합설립인가,2026-09-10
11215UQ120PS202605210001,워커힐아파트,광진구,재건축,재건축(공동),추진위구성,2026-09-10
11000UQ120PS202505310791,유천빌라재건축사업,광진구,재건축,소규모재건축사업,조합설립인가,2026-09-10
11215UQ120PS202608030002,자양1동 226-1번지 일대,광진구,모아타운,모아타운,관리지역고시,2026-09-10
11215UQ120PS202608030001,자양1동 772-1번지 일대,광진구,모아타운,모아타운,관리지역고시,2026-09-10
11000UQ120PS202503070083,자양1동 799,광진구,모아타운,모아타운,관리지역고시,2026-09-10
11215UQ120PS202605070001,자양2동 649번지 일대,광진구,모아타운,모아타운,관리지역고시,2026-09-10
11000UQ120PS202502050003,자양3동 A구역 주택재개발사업,광진구,신속통합기획,신속통합기획,구역지정,2026-09-10
11000UQ120PS202505310778,자양4동 84-1 일대 소규모재개발사업,광진구,재개발,소규모재개발사업,조합설립추진중,2026-09-10
11000UQ120PS202601310048,자양4동A구역주택재개발사업,광진구,재개발,재개발(주택정비형),구역지정,2026-09-10
11000UQ120PS202411014098,자양7,광진구,재건축,재건축(단독),조합설립인가,2026-09-10
11000UQ120PS202505310792,자양아파트 주택재건축사업,광진구,재건축,소규모재건축사업,준공,2026-09-10
11000UQ120PS202411014174,자양한양아파트,광진구,재건축,재건축(공동),추진위구성,2026-09-10
11000UQ120PS202505310011,중곡1동 A구역 주택재개발사업,광진구,신속통합기획,신속통합기획,열람공고,2026-09-10
11215UQ120PS202609020002,중곡1동 B구역 주택재개발사업,광진구,신속통합기획,신속통합기획,대상지선정(추진중),2026-09-10
11215UQ120PS202609020004,중곡2구역 역세권 장기전세주택 재개발사업,광진구,재개발,재개발(도시정비형),사전검토,2026-09-10
11000UQ120PS202601310091,중곡동 대원빌라,광진구,재건축,소규모재건축사업,조합설립인가,2026-09-10
11000UQ120PS202411014186,중곡아파트,광진구,재건축,재건축(공동),건축심의,2026-09-10
11000UQ120PS202601310049,가리봉1구역,구로구,재개발,재개발(주택정비형),추진위구성,2026-09-10
11530UQ120PS202603110001,가리봉1구역,구로구,신속통합기획,신속통합기획,기획완료,2026-09-10
11000UQ120PS202505317005,가리봉2구역,구로구,재개발,재개발(주택정비형),조합설립인가,2026-09-10
11530UQ120PS202603110002,가리봉2구역,구로구,신속통합기획,신속통합기획,기획완료,2026-09-10
11000UQ120PS202411014109,개봉3,구로구,재건축,재건축(단독),조합설립인가,2026-09-10
11000UQ120PS202505310012,개봉동 120-1,구로구,신속통합기획,신속통합기획,기획완료,2026-09-10
11000UQ120PS202601310012,개봉동 153-19,구로구,신속통합기획,신속통합기획,대상지선정(추진중),2026-09-10
11000UQ120PS202503070001,개봉동 20,구로구,모아타운,모아타운,대상지선정,2026-09-10
11530UQ120PS202605040002,개봉동 270-38번지 일대,구로구,모아타운,모아타운,관리지역고시,2026-09-10
11530UQ120PS202603040001,개봉동 49,구로구,신속통합기획,신속통합기획,기획완료,2026-09-10
11000UQ120PS202505310845,경남구로연립 소규모재건축사업,구로구,재건축,소규모재건축사업,사업시행계획인가,2026-09-10
11000UQ120PS202411014423,고척4,구로구,재개발,재개발(주택정비형),착공,2026-09-10
11530UQ120PS202605040001,고척동 241번지 일대,구로구,모아타운,모아타운,관리지역고시,2026-09-10
11000UQ120PS202601310013,고척동 산업인,구로구,신속통합기획,신속통합기획,대상지선정(추진중),2026-09-10
11000UQ120PS202411014173,고척동 산업인아파트,구로구,재건축,재건축(공동),사업시행인가,2026-09-10
11000UQ120PS202601310050,고척동253번지일대,구로구,재개발,재개발(주택정비형),추진위구성,2026-09-10
11000UQ120PS202407010935,고척동253일대,구로구,신속통합기획,신속통합기획,기획완료,2026-09-10
11530UQ120PS202608040001,구로동 466,구로구,신속통합기획,신속통합기획,기획완료,2026-09-10
11000UQ120PS202503070008,구로동 511번지 일대,구로구,모아타운,모아타운,관리지역고시,2026-09-10
11000UQ120PS202505310013,구로동 719,구로구,신속통합기획,신속통합기획,대상지선정(추진중),2026-09-10
11530UQ120PS202605040003,구로동 728번지 일대,구로구,모아타운,모아타운,관리지역고시,2026-09-10
11000UQ120PS202407010972,구로우성,구로구,신속통합기획,신속통합기획,기획완료,2026-09-10
11000UQ120PS202505310061,구로우성아파트,구로구,재건축,재건축(공동),구역지정,2026-09-10
11000UQ120PS202505310014,구로주공,구로구,신속통합기획,신속통합기획,대상지선정(추진중),2026-09-10
11000UQ120PS202407010866,궁동 우신빌라,구로구,신속통합기획,신속통합기획,기획완료,2026-09-10
11000UQ120PS202411014247,길훈아파트,구로구,재건축,재건축(공동),착공,2026-09-10
11000UQ120PS202505310794,길훈아파트 소규모재건축사업,구로구,재건축,소규모재건축사업,건축심의,2026-09-10
11000UQ120PS202505310793,남구로역 대흥연립 소규모재건축사업,구로구,재건축,소규모재건축사업,준공,2026-09-10
11000UQ120PS202411014254,남구로역세권공공임대주택도시정비형재개발정비구역,구로구,재개발,재개발(도시정비형),사업시행인가,2026-09-10
11000UQ120PS202411014139,"대흥,성원,동진빌라",구로구,재건축,재건축(공동),사업시행인가,2026-09-10
11000UQ120PS202505310839,대흥연립 소규모재건축사업,구로구,재건축,소규모재건축사업,조합설립추진중,2026-09-10
11000UQ120PS202505310795,동양연립 소규모재건축사업,구로구,재건축,소규모재건축사업,건축심의,2026-09-10
11000UQ120PS202505310796,두암빌라 소규모재건축사업,구로구,재건축,소규모재건축사업,사업시행계획인가,2026-09-10
11000UQ120PS202505310774,럭키우성소규모재개발,구로구,재개발,소규모재개발사업,조합설립추진중,2026-09-10
11000UQ120PS202505310797,미래빌라 소규모재건축사업,구로구,재건축,소규모재건축사업,사업시행계획인가,2026-09-10
11000UQ120PS202411014232,보광아파트,구로구,재건축,재건축(공동),관리처분계획인가,2026-09-10
11000UQ120PS202505310843,삼명아파트 소규모재건축사업,구로구,재건축,소규모재건축사업,조합설립추진중,2026-09-10
11000UQ120PS202411014172,서울가든빌라,구로구,재건축,재건축(공동),구역지정,2026-09-10
11000UQ120PS202411014290,신도림동 293번지 일대,구로구,재개발,재개발(도시정비형),구역지정,2026-09-10
11530UQ120PS202603030001,오류동 4,구로구,신속통합기획,신속통합기획,기획완료,2026-09-10
11000UQ120PS202411014145,오류동 현대연립,구로구,재건축,재건축(공동),관리처분계획인가,2026-09-10
11530UQ120PS202608050001,온수동 18-1번지 일원 소규모재개발사업,구로구,재개발,소규모재개발사업,조합설립인가,2026-09-10
11000UQ120PS202505310798,우석빌라 소규모재건축사업,구로구,재건축,소규모재건축사업,조합설립추진중,2026-09-10
11000UQ120PS202505310850,우성타운 소규모재건축사업,구로구,재건축,소규모재건축사업,착공,2026-09-10
11000UQ120PS202411014190,우신빌라,구로구,재건축,재건축(공동),구역지정,2026-09-10
11000UQ120PS202505310844,월드빌라소규모재건축사업,구로구,재건축,소규모재건축사업,사업시행계획인가,2026-09-10
11000UQ120PS202505310841,창동아파트 소규모재건축사업,구로구,재건축,소규모재건축사업,조합설립인가,2026-09-10
11000UQ120PS202505310799,한성아파트 소규모재건축사업,구로구,재건축,소규모재건축사업,조합설립인가,2026-09-10
11000UQ120PS202411014143,한효아파트,구로구,재건축,재건축(공동),구역지정,2026-09-10
11000UQ120PS202505310800,항동 동삼파크빌라 소규모재건축사업,구로구,재건축,소규모재건축사업,조합설립인가,2026-09-10
11000UQ120PS202505310801,화랑주택 소규모재건축사업,구로구,재건축,소규모재건축사업,사업시행계획인가,2026-09-10
11000UQ120PS202505310802,대도연립 소규모재건축정비사업,금천구,재건축,소규모재건축사업,사업시행계획인가,2026-09-10
11545UQ120PS202603230001,독산1구역,금천구,신속통합기획,신속통합기획,기획완료,2026-09-10
11545UQ120PS202603190001,독산2구역,금천구,신속통합기획,신속통합기획,기획완료,2026-09-10
11545UQ120PS202603030001,독산2동 380 일대,금천구,신속통합기획,신속통합기획,기획완료,2026-09-10
11545UQ120PS202603100003,독산3동 979번지  일대,금천구,신속통합기획,신속통합기획,대상지선정(추진중),2026-09-10
11545UQ120PS202603100001,독산4동 1022번지 일대,금천구,신속통합기획,신속통합기획,대상지선정(추진중),2026-09-10
11000UQ120PS202505310057,독산시흥,금천구,재개발,재개발(주택정비형),조합설립인가,2026-09-10
11000UQ120PS202407010921,독산시흥구역,금천구,신속통합기획,신속통합기획,기획완료,2026-09-10
11000UQ120PS202505310803,석수빌라 소규모재건축정비사업,금천구,재건축,소규모재건축사업,사업시행계획인가,2026-09-10
11000UQ120PS202505310056,시흥1,금천구,재개발,재개발(주택정비형),구역지정,2026-09-10
11000UQ120PS202407010898,시흥1구역,금천구,신속통합기획,신속통합기획,기획완료,2026-09-10
11545UQ120PS202605040002,시흥1동 864번지 일대,금천구,모아타운,모아타운,관리지역고시,2026-09-10
11545UQ120PS202605040001,시흥3동 1005번지 일대,금천구,모아타운,모아타운,관리지역고시,2026-09-10
11000UQ120PS202503070062,시흥3동 950번지 일대,금천구,모아타운,모아타운,관리지역고시,2026-09-10
11000UQ120PS202505310765,시흥3동 972,금천구,모아타운,모아타운,수립범위 자문,2026-09-10
11545UQ120PS202603100002,시흥4동 1-1번지 일대,금천구,신속통합기획,신속통합기획,대상지선정(추진중),2026-09-10
11545UQ120PS202604200001,시흥4동 817번지 일대,금천구,모아타운,모아타운,관리지역고시,2026-09-10
11000UQ120PS202503070064,시흥5동 922-16 일대,금천구,모아타운,모아타운,관리지역고시,2026-09-10
11000UQ120PS202411014125,시흥동현대아파트,금천구,재건축,재건축(공동),착공,2026-09-10
11000UQ120PS202411014123,시흥무지개아파트,금천구,재건축,재건축(공동),사업시행인가,2026-09-10
11000UQ120PS202505310804,우창연립 소규모재건축정비사업,금천구,재건축,소규모재건축사업,조합설립추진중,2026-09-10
11350UQ120PS202607300001,공릉동 240-143 일원 소규모재건축정비사업,노원구,재건축,소규모재건축사업,조합설립인가,2026-09-10
11000UQ120PS202505310805,대명아파트 소규모재건축사업,노원구,재건축,소규모재건축사업,착공,2026-09-10
11000UQ120PS202411014461,상계1,노원구,재개발,재개발(주택정비형),관리처분계획인가,2026-09-10
11000UQ120PS202411014468,상계2,노원구,재개발,재개발(주택정비형),사업시행인가,2026-09-10
11000UQ120PS202503310004,상계3,노원구,재개발,재개발(주택정비형),조합설립인가,2026-09-10
11000UQ120PS202411014463,상계5,노원구,재개발,재개발(주택정비형),건축심의,2026-09-10
11000UQ120PS202407010891,상계5동 일대,노원구,신속통합기획,신속통합기획,기획완료,2026-09-10
11000UQ120PS202505310058,상계5동 일대,노원구,재개발,재개발(주택정비형),구역지정,2026-09-10
11000UQ120PS202503070045,상계동 177-66,노원구,모아타운,모아타운,관리지역고시,2026-09-10
11000UQ120PS202502050004,상계보람,노원구,신속통합기획,신속통합기획,기획완료,2026-09-10
11000UQ120PS202407010855,상계주공5단지,노원구,신속통합기획,신속통합기획,기획완료,2026-09-10
11000UQ120PS202411014188,상계주공5단지,노원구,재건축,재건축(공동),사업시행인가,2026-09-10
11000UQ120PS202407010949,상계주공6단지,노원구,신속통합기획,신속통합기획,대상지선정(추진중),2026-09-10
11000UQ120PS202512310001,상계한신3차,노원구,신속통합기획,신속통합기획,대상지선정(추진중),2026-09-10
11000UQ120PS202503070078,월계동 534번지 일대,노원구,모아타운,모아타운,관리지역고시,2026-09-10
11000UQ120PS202411014121,월계동(재해관리구역),노원구,재건축,재건축(단독),착공,2026-09-10
11000UQ120PS202411014160,월계동신아파트,노원구,재건축,재건축(공동),관리처분계획인가,2026-09-10
11000UQ120PS202512310003,월계삼호4차,노원구,신속통합기획,신속통합기획,대상지선정(추진중),2026-09-10
11000UQ120PS202512310004,"월계시영(미륭,미성,삼호3)",노원구,신속통합기획,신속통합기획,대상지선정(추진중),2026-09-10
11000UQ120PS202411014511,중계본동(백사마을),노원구,재개발,재개발(주택정비형),관리처분계획인가,2026-09-10
11000UQ120PS202512310002,태릉우성,노원구,신속통합기획,신속통합기획,대상지선정(추진중),2026-09-10
11000UQ120PS202505310016,하계장미,노원구,신속통합기획,신속통합기획,대상지선정(추진중),2026-09-10
11000UQ120PS202505310806,대신빌라소규모재건축사업,도봉구,재건축,소규모재건축사업,사업시행계획인가,2026-09-10
11000UQ120PS202411014436,도봉제2,도봉구,재개발,재개발(주택정비형),준공,2026-09-10
11000UQ120PS202505310807,동성빌라소규모재건축사업,도봉구,재건축,소규모재건축사업,조합설립추진중,2026-09-10
11000UQ120PS202407010920,방학3구역,도봉구,신속통합기획,신속통합기획,기획완료,2026-09-10
11000UQ120PS202601310051,방학3구역,도봉구,재개발,재개발(주택정비형),구역지정,2026-09-10
11000UQ120PS202503070036,방학동 618번지 일대,도봉구,모아타운,모아타운,관리지역고시,2026-09-10
11320UQ120PS202608040002,방학동 638,도봉구,신속통합기획,신속통합기획,기획완료,2026-09-10
11320UQ120PS202608040001,방학동 641,도봉구,신속통합기획,신속통합기획,기획완료,2026-09-10
11320UQ120PS202605210001,방학신동아1단지아파트,도봉구,재건축,재건축(공동),구역지정,2026-09-10
11000UQ120PS202407010966,방학신동아1차,도봉구,신속통합기획,신속통합기획,기획완료,2026-09-10
11000UQ120PS202505310808,삼익빌라소규모재건축사업,도봉구,재건축,소규모재건축사업,조합설립추진중,2026-09-10
11000UQ120PS202411014518,삼환도봉,도봉구,신속통합기획,신속통합기획,기획완료,2026-09-10
11000UQ120PS202601310071,삼환도봉아파트,도봉구,재건축,재건축(공동),조합설립인가,2026-09-10
11000UQ120PS202411014508,쌍문3,도봉구,재개발,재개발(주택정비형),조합설립인가,2026-09-10
11000UQ120PS202407010890,쌍문3구역,도봉구,신속통합기획,신속통합기획,기획완료,2026-09-10
11320UQ120PS202604150001,쌍문동 26 일대,도봉구,신속통합기획,신속통합기획,기획완료,2026-09-10
11000UQ120PS202503070071,쌍문동 460번지 일대,도봉구,모아타운,모아타운,관리지역고시,2026-09-10
11000UQ120PS202503070072,쌍문동 494-22번지 일대,도봉구,모아타운,모아타운,관리지역고시,2026-09-10
11000UQ120PS202503070073,쌍문동 524-87번지 일대,도봉구,모아타운,모아타운,관리지역고시,2026-09-10
11320UQ120PS202604100001,쌍문동 81 일대,도봉구,신속통합기획,신속통합기획,기획완료,2026-09-10
11000UQ120PS202505310809,쌍문동완성빌라소규모재건축사업,도봉구,재건축,소규모재건축사업,조합설립추진중,2026-09-10
11000UQ120PS202505310810,쌍문동우이그린빌라소규모재건축사업,도봉구,재건축,소규모재건축사업,조합설립추진중,2026-09-10
11000UQ120PS202407010962,쌍문한양1차,도봉구,신속통합기획,신속통합기획,기획완료,2026-09-10
11000UQ120PS202601310072,쌍문한양1차아파트,도봉구,재건축,재건축(공동),조합설립인가,2026-09-10
11320UQ120PS202605040001,창3동 501-13번지 일대,도봉구,모아타운,모아타운,관리지역고시,2026-09-10
11000UQ120PS202407010961,창동상아1차,도봉구,신속통합기획,신속통합기획,기획완료,2026-09-10
11000UQ120PS202601310073,창동상아1차아파트,도봉구,재건축,재건축(공동),조합설립인가,2026-09-10
11000UQ120PS202505310776,(가칭)용두동 39-6번지 일대 소규모재개발사업,동대문구,재개발,소규모재개발사업,조합설립추진중,2026-09-10
11000UQ120PS202505310812,공성아파트 소규모재건축사업,동대문구,재건축,소규모재건축사업,착공,2026-09-10
11230UQ120PS202607010001,답십리동 489,동대문구,모아타운,모아타운,관리지역고시,2026-09-10
11000UQ120PS202411014271,답십리자동자부품상가,동대문구,재개발,재개발(도시정비형),사업시행인가,2026-09-10
11000UQ120PS202411014491,신설1,동대문구,재개발,재개발(주택정비형),사업시행인가,2026-09-10
11000UQ120PS202411014279,신이문역세권,동대문구,재개발,재개발(도시정비형),조합설립인가,2026-09-10
11000UQ120PS202411014319,용두1-1,동대문구,재개발,재개발(도시정비형),구역지정,2026-09-10
11000UQ120PS202411014317,용두1-2,동대문구,재개발,재개발(도시정비형),사업시행인가,2026-09-10
11000UQ120PS202411014318,용두1-3,동대문구,재개발,재개발(도시정비형),착공,2026-09-10
11000UQ120PS202411014316,용두1-4,동대문구,재개발,재개발(도시정비형),사업시행인가,2026-09-10
11000UQ120PS202411014315,용두1-5,동대문구,재개발,재개발(도시정비형),조합설립인가,2026-09-10
11000UQ120PS202411014329,용두1-6,동대문구,재개발,재개발(도시정비형),건축심의,2026-09-10
11230UQ120PS202603310001,용두3,동대문구,신속통합기획,신속통합기획,대상지선정(추진중),2026-09-10
11230UQ120PS202605210001,용두3,동대문구,재개발,재개발(주택정비형),구역지정,2026-09-10
11000UQ120PS202505310036,용두구역 1지구,동대문구,재개발,재개발(도시정비형),구역지정,2026-09-10
11000UQ120PS202505310037,용두구역 2지구,동대문구,재개발,재개발(도시정비형),구역지정,2026-09-10
11000UQ120PS202411014387,용두구역 6지구,동대문구,재개발,재개발(도시정비형),추진위구성,2026-09-10
11000UQ120PS202411014388,용두구역 7지구,동대문구,재개발,재개발(도시정비형),추진위구성,2026-09-10
11000UQ120PS202411014462,이문3,동대문구,재개발,재개발(주택정비형),준공,2026-09-10
11230UQ120PS202604140002,이문4,동대문구,재개발,재개발(주택정비형),관리처분계획인가,2026-09-10
11000UQ120PS202411014521,장안동 134-15 일대,동대문구,신속통합기획,신속통합기획,기획완료,2026-09-10
11000UQ120PS202411014176,장안현대,동대문구,재건축,재건축(공동),관리처분계획인가,2026-09-10
11000UQ120PS202411014302,전농,동대문구,재개발,재개발(도시정비형),사업시행인가,2026-09-10
11000UQ120PS202411014455,전농12,동대문구,재개발,재개발(주택정비형),조합설립인가,2026-09-10
11000UQ120PS202503310001,전농13,동대문구,재개발,재개발(도시정비형),구역지정,2026-09-10
11000UQ120PS202411014474,전농8,동대문구,재개발,재개발(주택정비형),건축심의,2026-09-10
11000UQ120PS202411014495,전농9,동대문구,재개발,재개발(주택정비형),조합설립인가,2026-09-10
11000UQ120PS202407010950,전농동 152-65,동대문구,신속통합기획,신속통합기획,대상지선정(추진중),2026-09-10
11000UQ120PS202411014181,제기1(경동미주아파트),동대문구,재건축,재건축(공동),착공,2026-09-10
11000UQ120PS202411014429,제기4,동대문구,재개발,재개발(주택정비형),관리처분계획인가,2026-09-10
11000UQ120PS202411014417,제기6,동대문구,재개발,재개발(주택정비형),관리처분계획인가,2026-09-10
11000UQ120PS202411014126,청량리 미주아파트,동대문구,재건축,재건축(공동),조합설립인가,2026-09-10
11000UQ120PS202411014435,청량리6,동대문구,재개발,재개발(주택정비형),사업시행인가,2026-09-10
11000UQ120PS202411014420,청량리7,동대문구,재개발,재개발(주택정비형),착공,2026-09-10
11000UQ120PS202411014421,청량리8,동대문구,재개발,재개발(주택정비형),관리처분계획인가,2026-09-10
11000UQ120PS202601310052,청량리9,동대문구,재개발,재개발(주택정비형),추진위구성,2026-09-10
11000UQ120PS202407010913,청량리동 19 일대,동대문구,신속통합기획,신속통합기획,기획완료,2026-09-10
11000UQ120PS202411014485,휘경3,동대문구,재개발,재개발(주택정비형),착공,2026-09-10
11000UQ120PS202411014414,휘경5,동대문구,재개발,재개발(주택정비형),구역지정,2026-09-10
11000UQ120PS202601310087,극동강변아파트,동작구,재건축,소규모재건축사업,조합설립인가,2026-09-10
11000UQ120PS202411014443,노량진1,동작구,재개발,재개발(주택정비형),관리처분계획인가,2026-09-10
11000UQ120PS202411014447,노량진2,동작구,재개발,재개발(주택정비형),착공,2026-09-10
11000UQ120PS202411014442,노량진3,동작구,재개발,재개발(주택정비형),관리처분계획인가,2026-09-10
11000UQ120PS202411014450,노량진4,동작구,재개발,재개발(주택정비형),관리처분계획인가,2026-09-10
11000UQ120PS202411014444,노량진5,동작구,재개발,재개발(주택정비형),관리처분계획인가,2026-09-10
11000UQ120PS202411014441,노량진6,동작구,재개발,재개발(주택정비형),착공,2026-09-10
11000UQ120PS202411014445,노량진7,동작구,재개발,재개발(주택정비형),관리처분계획인가,2026-09-10
11000UQ120PS202411014446,노량진8,동작구,재개발,재개발(주택정비형),착공,2026-09-10
11590UQ120PS202605070001,노량진동 221-24번지 일대,동작구,모아타운,모아타운,관리지역고시,2026-09-10
11000UQ120PS202505310772,노량진동 41-5번지일대 소규모재개발사업,동작구,재개발,소규모재개발사업,조합설립추진중,2026-09-10
11000UQ120PS202505310813,대광연립소규모주택재건축정비사업,동작구,재건축,소규모재건축사업,사업시행계획인가,2026-09-10
11000UQ120PS202407010827,본동,동작구,재개발,재개발(주택정비형),조합설립인가,2026-09-10
11590UQ120PS202605210001,사당12,동작구,재개발,재개발(주택정비형),추진위구성,2026-09-10
11590UQ120PS202605210002,사당17,동작구,재개발,재개발(주택정비형),추진위구성,2026-09-10
11590UQ120PS202603090001,사당17구역,동작구,신속통합기획,신속통합기획,기획완료,2026-09-10
11000UQ120PS202411014087,사당5,동작구,재건축,재건축(단독),사업시행인가,2026-09-10
11590UQ120PS202607010001,사당동 202-29,동작구,모아타운,모아타운,관리지역고시,2026-09-10
11590UQ120PS202603050001,사당동 288,동작구,신속통합기획,신속통합기획,기획완료,2026-09-10
11000UQ120PS202505310018,사당동 305-35 일대,동작구,신속통합기획,신속통합기획,대상지선정(추진중),2026-09-10
11000UQ120PS202601310020,사당동 419-1,동작구,신속통합기획,신속통합기획,대상지선정(추진중),2026-09-10
11000UQ120PS202601310053,상도14,동작구,재개발,재개발(주택정비형),조합설립인가,2026-09-10
11000UQ120PS202407010900,상도14구역,동작구,신속통합기획,신속통합기획,기획완료,2026-09-10
11000UQ120PS202601310054,상도15,동작구,재개발,재개발(주택정비형),조합설립인가,2026-09-10
11000UQ120PS202407010923,상도15구역,동작구,신속통합기획,신속통합기획,기획완료,2026-09-10
11000UQ120PS202601310019,상도16구역,동작구,신속통합기획,신속통합기획,대상지선정(추진중),2026-09-10
11000UQ120PS202601310018,상도23구역,동작구,신속통합기획,신속통합기획,대상지선정(추진중),2026-09-10
11590UQ120PS202605070002,상도동 242번지 일대,동작구,모아타운,모아타운,관리지역고시,2026-09-10
11000UQ120PS202503070047,상도동 279,동작구,모아타운,모아타운,대상지선정,2026-09-10
11000UQ120PS202601310016,신대방3구역,동작구,신속통합기획,신속통합기획,대상지선정(추진중),2026-09-10
11000UQ120PS202505310814,인정아파트소규모재건축정비사업,동작구,재건축,소규모재건축사업,사업시행계획인가,2026-09-10
11000UQ120PS202411014486,흑석1,동작구,재개발,재개발(주택정비형),조합설립인가,2026-09-10
11000UQ120PS202601310017,흑석10,동작구,신속통합기획,신속통합기획,대상지선정(추진중),2026-09-10
11000UQ120PS202411014483,흑석11,동작구,재개발,재개발(주택정비형),착공,2026-09-10
11590UQ120PS202604100001,흑석11,동작구,신속통합기획,신속통합기획,기획완료,2026-09-10
11590UQ120PS202604020002,흑석2,동작구,재개발,재개발(도시정비형),조합설립인가,2026-09-10
11000UQ120PS202411014484,흑석9,동작구,재개발,재개발(주택정비형),착공,2026-09-10
11000UQ120PS202411014107,공덕1,마포구,재건축,재건축(단독),착공,2026-09-10
11000UQ120PS202411014424,공덕6,마포구,재개발,재개발(주택정비형),사업시행인가,2026-09-10
11000UQ120PS202411014510,공덕7,마포구,재개발,재개발(주택정비형),조합설립인가,2026-09-10
11000UQ120PS202407010930,공덕7구역,마포구,신속통합기획,신속통합기획,기획완료,2026-09-10
11000UQ120PS202503310005,공덕8,마포구,재개발,재개발(주택정비형),추진위구성,2026-09-10
11000UQ120PS202407010894,공덕8구역,마포구,신속통합기획,신속통합기획,기획완료,2026-09-10
11000UQ120PS202505310816,공덕현대아파트 소규모재건축사업,마포구,재건축,소규모재건축사업,건축심의,2026-09-10
11000UQ120PS202505310817,기린동산빌라 소규모재건축사업,마포구,재건축,소규모재건축사업,착공,2026-09-10
11000UQ120PS202503070015,대흥동 535-2,마포구,모아타운,모아타운,관리지역고시,2026-09-10
11000UQ120PS202601310022,도화우성,마포구,신속통합기획,신속통합기획,대상지선정(추진중),2026-09-10
11000UQ120PS202411014276,마포로1-10,마포구,재개발,재개발(도시정비형),사업시행인가,2026-09-10
11000UQ120PS202411014291,"마포로1-34
",마포구,재개발,재개발(도시정비형),건축심의,2026-09-10
11000UQ120PS202411014269,"마포로1-58-2

",마포구,재개발,재개발(도시정비형),착공,2026-09-10
11000UQ120PS202411014288,"마포로3-1
",마포구,재개발,재개발(도시정비형),착공,2026-09-10
11000UQ120PS202411014289,마포로3-3,마포구,재개발,재개발(도시정비형),착공,2026-09-10
11000UQ120PS202407010945,망원1,마포구,신속통합기획,신속통합기획,대상지선정(추진중),2026-09-10
11000UQ120PS202503070023,망원동 456-6번지 일대,마포구,모아타운,모아타운,관리지역고시,2026-09-10
11440UQ120PS202605060001,성산동 160-4번지 일대,마포구,모아타운,모아타운,관리지역고시,2026-09-10
11000UQ120PS202411014171,성산시영아파트,마포구,재건축,재건축(공동),조합설립인가,2026-09-10
11000UQ120PS202407232949,신촌지역(마포)2-7,마포구,재개발,재개발(도시정비형),관리처분계획인가,2026-09-10
11000UQ120PS202407232935,신촌지역(마포)3-3,마포구,재개발,재개발(도시정비형),관리처분계획인가,2026-09-10
11000UQ120PS202407232915,신촌지역(마포)4-1,마포구,재개발,재개발(도시정비형),관리처분계획인가,2026-09-10
11000UQ120PS202407232927,신촌지역(마포)4-10,마포구,재개발,재개발(도시정비형),관리처분계획인가,2026-09-10
11000UQ120PS202407232928,신촌지역(마포)4-12,마포구,재개발,재개발(도시정비형),관리처분계획인가,2026-09-10
11000UQ120PS202407232933,신촌지역(마포)4-5,마포구,재개발,재개발(도시정비형),구역지정,2026-09-10
11000UQ120PS202407232929,신촌지역(마포)4-9,마포구,재개발,재개발(도시정비형),관리처분계획인가,2026-09-10
11000UQ120PS202601310021,아현동 331-29,마포구,신속통합기획,신속통합기획,대상지선정(추진중),2026-09-10
11440UQ120PS202605210001,염리4,마포구,재개발,재개발(주택정비형),추진위구성,2026-09-10
11000UQ120PS202505310819,우석연립 소규모재건축사업,마포구,재건축,소규모재건축사업,착공,2026-09-10
11440UQ120PS202605060003,중동 78번지 일대,마포구,모아타운,모아타운,관리지역고시,2026-09-10
11440UQ120PS202605060002,창전동 46-1번지 일대,마포구,모아타운,모아타운,관리지역고시,2026-09-10
11000UQ120PS202411014335,"합정7
",마포구,재개발,재개발(도시정비형),착공,2026-09-10
11440UQ120PS202603180001,합정동 369,마포구,모아타운,모아타운,관리지역고시,2026-09-10
11000UQ120PS202411014448,가재울7,서대문구,재개발,재개발(주택정비형),사업시행인가,2026-09-10
11000UQ120PS202411014308,가재울8,서대문구,재개발,재개발(도시정비형),준공,2026-09-10
11000UQ120PS202411014312,가재울9,서대문구,재개발,재개발(도시정비형),조합설립인가,2026-09-10
11000UQ120PS202411014266,마포로4-1,서대문구,재개발,재개발(도시정비형),건축심의,2026-09-10
11000UQ120PS202411014281,마포로5-2,서대문구,재개발,재개발(도시정비형),조합설립인가,2026-09-10
11000UQ120PS202411014093,북가좌6,서대문구,재건축,재건축(단독),건축심의,2026-09-10
11000UQ120PS202505310019,북가좌동 74-107 일대,서대문구,신속통합기획,신속통합기획,대상지선정(추진중),2026-09-10
11000UQ120PS202411014459,북아현2,서대문구,재개발,재개발(주택정비형),관리처분계획인가,2026-09-10
11000UQ120PS202411014452,북아현3,서대문구,재개발,재개발(주택정비형),사업시행인가,2026-09-10
11000UQ120PS202601310039,북아현4,서대문구,재개발,재개발(도시정비형),구역지정,2026-09-10
11000UQ120PS202505310851,서강빌라 소규모주택재건축사업,서대문구,재건축,소규모재건축사업,조합설립인가,2026-09-10
11000UQ120PS202411014295,신촌서대문2-2,서대문구,재개발,재개발(도시정비형),착공,2026-09-10
11000UQ120PS202411014408,연희1,서대문구,재개발,재개발(주택정비형),착공,2026-09-10
11000UQ120PS202411014494,연희2,서대문구,재개발,재개발(주택정비형),조합설립인가,2026-09-10
11000UQ120PS202411014422,영천,서대문구,재개발,재개발(주택정비형),착공,2026-09-10
11000UQ120PS202505310818,종건빌라 소규모주택재건축사업,서대문구,재건축,소규모재건축사업,조합설립인가,2026-09-10
11410UQ120PS202603190001,천연동 89-16번지 일대,서대문구,모아타운,모아타운,관리지역고시,2026-09-10
11000UQ120PS202503310006,충정로1,서대문구,재개발,재개발(주택정비형),조합설립인가,2026-09-10
11000UQ120PS202411014392,충현2구역,서대문구,재개발,재개발(도시정비형),건축심의,2026-09-10
11000UQ120PS202503070102,현저동 1-5번지 일대,서대문구,모아타운,모아타운,관리지역고시,2026-09-10
11000UQ120PS202411014340,홍은1(재촉),서대문구,재개발,재개발(도시정비형),조합설립인가,2026-09-10
11000UQ120PS202601310055,홍은15,서대문구,재개발,재개발(주택정비형),조합설립인가,2026-09-10
11410UQ120PS202603060001,홍은5,서대문구,재건축,재건축(단독),사업시행인가,2026-09-10
11410UQ120PS202605070001,홍은동 10-18번지 일대,서대문구,모아타운,모아타운,관리지역고시,2026-09-10
11000UQ120PS202505310766,홍은동 11-360,서대문구,모아타운,모아타운,수립범위 자문,2026-09-10
11000UQ120PS202407010893,홍은동 8-400 일대,서대문구,신속통합기획,신속통합기획,기획완료,2026-09-10
11000UQ120PS202411014334,홍제2,서대문구,재개발,재개발(도시정비형),조합설립인가,2026-09-10
11000UQ120PS202411014105,홍제3,서대문구,재건축,재건축(단독),관리처분계획인가,2026-09-10
11000UQ120PS202505310038,홍제3(재촉),서대문구,재개발,재개발(도시정비형),추진위구성,2026-09-10
11000UQ120PS202407010943,홍제4,서대문구,신속통합기획,신속통합기획,기획완료,2026-09-10
11410UQ120PS202605210002,홍제4,서대문구,재개발,재개발(주택정비형),추진위구성,2026-09-10
11000UQ120PS202502050007,홍제동 287-118 일대,서대문구,신속통합기획,신속통합기획,대상지선정(추진중),2026-09-10
11410UQ120PS202605060001,홍제동 322번지 일대,서대문구,모아타운,모아타운,관리지역고시,2026-09-10
11000UQ120PS202502050006,홍제동 9-81 일대,서대문구,신속통합기획,신속통합기획,대상지선정(추진중),2026-09-10
11410UQ120PS202605210003,홍제역역세권활성화사업,서대문구,재개발,재개발(도시정비형),조합설립인가,2026-09-10
11000UQ120PS202411014124,강남원효성빌라,서초구,재건축,재건축(공동),조합설립인가,2026-09-10
11000UQ120PS202505310849,"논현,영동빌라",서초구,재건축,소규모재건축사업,조합설립인가,2026-09-10
11000UQ120PS202411014243,반포미도1차,서초구,재건축,재건축(공동),건축심의,2026-09-10
11000UQ120PS202502050009,반포미도2차,서초구,신속통합기획,신속통합기획,기획완료,2026-09-10
11000UQ120PS202408313141,"반포주공1단지(1,2,4주구)",서초구,재건축,재건축(공동),착공,2026-09-10
11000UQ120PS202411014218,반포주공1단지(3주구),서초구,재건축,재건축(공동),착공,2026-09-10
11000UQ120PS202502050008,방배 임광3차,서초구,신속통합기획,신속통합기획,기획완료,2026-09-10
11000UQ120PS202411014089,방배13,서초구,재건축,재건축(단독),관리처분계획인가,2026-09-10
11000UQ120PS202411014088,방배14,서초구,재건축,재건축(단독),관리처분계획인가,2026-09-10
11000UQ120PS202411014101,방배15구역,서초구,재건축,재건축(단독),건축심의,2026-09-10
11000UQ120PS202411014102,방배5,서초구,재건축,재건축(단독),착공,2026-09-10
11000UQ120PS202411014097,방배6,서초구,재건축,재건축(단독),준공,2026-09-10
11000UQ120PS202411014090,방배7,서초구,재건축,재건축(단독),사업시행인가,2026-09-10
11000UQ120PS202503070035,방배동 977번지 일대,서초구,모아타운,모아타운,관리지역고시,2026-09-10
11000UQ120PS202411014153,방배삼익,서초구,재건축,재건축(공동),착공,2026-09-10
11000UQ120PS202411014208,방배삼호,서초구,재건축,재건축(공동),추진위구성,2026-09-10
11000UQ120PS202505310020,방배삼호,서초구,신속통합기획,신속통합기획,대상지선정(추진중),2026-09-10
11000UQ120PS202411014127,방배신동아,서초구,재건축,재건축(공동),관리처분계획인가,2026-09-10
11000UQ120PS202411014207,방배신삼호,서초구,재건축,재건축(공동),조합설립인가,2026-09-10
11000UQ120PS202601310074,방배임광3차,서초구,재건축,재건축(공동),추진위구성,2026-09-10
11000UQ120PS202411014184,삼호가든5차,서초구,재건축,재건축(공동),건축심의,2026-09-10
11000UQ120PS202407010874,서초 진흥,서초구,신속통합기획,신속통합기획,기획완료,2026-09-10
11000UQ120PS202411014233,서초신동아,서초구,재건축,재건축(공동),착공,2026-09-10
11000UQ120PS202505310821,서초아남,서초구,재건축,소규모재건축사업,건축심의,2026-09-10
11000UQ120PS202505310822,서초중앙하이츠 1구역,서초구,재건축,소규모재건축사업,사업시행계획인가,2026-09-10
11000UQ120PS202505310823,서초중앙하이츠 2구역,서초구,재건축,소규모재건축사업,사업시행계획인가,2026-09-10
11000UQ120PS202411014195,서초진흥아파트,서초구,재건축,재건축(공동),조합설립인가,2026-09-10
11000UQ120PS202411014223,신반포12차,서초구,재건축,재건축(공동),관리처분계획인가,2026-09-10
11000UQ120PS202411014221,신반포16차,서초구,재건축,재건축(공동),관리처분계획인가,2026-09-10
11650UQ120PS202607210001,신반포18차337동,서초구,재건축,재건축(공동),착공,2026-09-10
11000UQ120PS202408313122,"신반포19차,25차",서초구,재건축,재건축(공동),조합설립인가,2026-09-10
11000UQ120PS202502050010,"신반포19차,25차",서초구,신속통합기획,신속통합기획,대상지선정(추진중),2026-09-10
11000UQ120PS202408313126,신반포20차,서초구,재건축,재건축(공동),조합설립인가,2026-09-10
11000UQ120PS202411014220,신반포21차,서초구,재건축,재건축(공동),착공,2026-09-10
11000UQ120PS202411014238,신반포22차,서초구,재건축,재건축(공동),착공,2026-09-10
11650UQ120PS202607150001,신반포26차아파트 소규모재건축정비사업,서초구,재건축,소규모재건축사업,조합설립인가,2026-09-10
11000UQ120PS202411014219,신반포27차,서초구,재건축,재건축(공동),관리처분계획인가,2026-09-10
11000UQ120PS202407010879,신반포2차,서초구,신속통합기획,신속통합기획,기획완료,2026-09-10
11000UQ120PS202411014200,신반포2차,서초구,재건축,재건축(공동),건축심의,2026-09-10
11000UQ120PS202411014237,신반포4차,서초구,재건축,재건축(공동),조합설립인가,2026-09-10
11000UQ120PS202411014239,신반포7차,서초구,재건축,재건축(공동),조합설립인가,2026-09-10
11000UQ120PS202411014236,신반포궁전,서초구,재건축,재건축(공동),조합설립인가,2026-09-10
11000UQ120PS202505310846,신성빌라 주택재건축정비사업,서초구,재건축,소규모재건축사업,준공,2026-09-10
11000UQ120PS202503070074,양재동 374,서초구,모아타운,모아타운,대상지선정,2026-09-10
11000UQ120PS202503070075,양재동 382,서초구,모아타운,모아타운,대상지선정,2026-09-10
11000UQ120PS202503070076,우면동 2,서초구,모아타운,모아타운,수립범위 자문,2026-09-10
11000UQ120PS202601310023,잠원한강,서초구,신속통합기획,신속통합기획,대상지선정(추진중),2026-09-10
11000UQ120PS202601310088,잠원한신타운,서초구,재건축,소규모재건축사업,조합설립인가,2026-09-10
11000UQ120PS202411014427,금호16,성동구,재개발,재개발(주택정비형),관리처분계획인가,2026-09-10
11000UQ120PS202407010857,금호21구역,성동구,신속통합기획,신속통합기획,기획완료,2026-09-10
11000UQ120PS202411014498,금호21구역,성동구,재개발,재개발(주택정비형),조합설립인가,2026-09-10
11000UQ120PS202503070009,금호동1가 129,성동구,모아타운,모아타운,사전자문,2026-09-10
11000UQ120PS202407010886,마장동 382 일대,성동구,신속통합기획,신속통합기획,기획완료,2026-09-10
11200UQ120PS202605060001,마장동 457번지 일대,성동구,모아타운,모아타운,관리지역고시,2026-09-10
11000UQ120PS202601310056,마장동382번지일대,성동구,재개발,재개발(주택정비형),추진위구성,2026-09-10
11000UQ120PS202601310024,마장세림,성동구,신속통합기획,신속통합기획,대상지선정(추진중),2026-09-10
11000UQ120PS202411014180,마장세림아파트,성동구,재건축,재건축(공동),조합설립인가,2026-09-10
11000UQ120PS202505310824,미성주택 소규모재건축사업,성동구,재건축,소규모재건축사업,사업시행계획인가,2026-09-10
11000UQ120PS202407010916,사근동 293 일대,성동구,신속통합기획,신속통합기획,기획완료,2026-09-10
11200UQ120PS202607220001,사근동 293번지 일대 주택정비형 재개발사업,성동구,재개발,재개발(주택정비형),구역지정,2026-09-10
11000UQ120PS202411014110,성수1,성동구,재건축,재건축(단독),건축심의,2026-09-10
11000UQ120PS202411014503,성수전략1,성동구,재개발,재개발(주택정비형),조합설립인가,2026-09-10
11000UQ120PS202411014504,성수전략2,성동구,재개발,재개발(주택정비형),조합설립인가,2026-09-10
11000UQ120PS202411014505,성수전략3,성동구,재개발,재개발(주택정비형),조합설립인가,2026-09-10
11000UQ120PS202411014506,성수전략4,성동구,재개발,재개발(주택정비형),건축심의,2026-09-10
11000UQ120PS202407010880,성수전략정비지구1,성동구,신속통합기획,신속통합기획,기획완료,2026-09-10
11000UQ120PS202407010881,성수전략정비지구2,성동구,신속통합기획,신속통합기획,기획완료,2026-09-10
11000UQ120PS202407010882,성수전략정비지구3,성동구,신속통합기획,신속통합기획,기획완료,2026-09-10
11000UQ120PS202407010883,성수전략정비지구4,성동구,신속통합기획,신속통합기획,기획완료,2026-09-10
11000UQ120PS202505310852,신성연립 소규모재건축사업,성동구,재건축,소규모재건축사업,조합설립인가,2026-09-10
11200UQ120PS202604130001,왕십리역 소규모재개발사업,성동구,재개발,소규모재개발사업,조합설립인가,2026-09-10
11000UQ120PS202411014404,왕십리역세권4,성동구,재개발,재개발(도시정비형),추진위구성,2026-09-10
11000UQ120PS202411014513,용답동,성동구,재개발,재개발(주택정비형),착공,2026-09-10
11000UQ120PS202411014095,응봉1,성동구,재건축,재건축(단독),관리처분계획인가,2026-09-10
11000UQ120PS202503070081,응봉동 265,성동구,모아타운,모아타운,대상지선정,2026-09-10
11000UQ120PS202505310825,자양연립소규모재건축사업,성동구,재건축,소규모재건축사업,조합설립추진중,2026-09-10
11000UQ120PS202411014136,장미아파트,성동구,재건축,재건축(공동),착공,2026-09-10
11000UQ120PS202411014278,장안평중고차매매센터,성동구,재개발,재개발(도시정비형),건축심의,2026-09-10
11000UQ120PS202505310826,정안맨션3차 소규모재건축사업,성동구,재건축,소규모재건축사업,건축심의,2026-09-10
11000UQ120PS202505310827,정안맨션6차 소규모재건축사업,성동구,재건축,소규모재건축사업,건축심의,2026-09-10
11000UQ120PS202505310828,코끼리빌라 소규모재건축사업,성동구,재건축,소규모재건축사업,사업시행계획인가,2026-09-10
11000UQ120PS202411014168,한남하이츠,성동구,재건축,재건축(공동),사업시행인가,2026-09-10
11000UQ120PS202411014428,행당7,성동구,재개발,재개발(주택정비형),착공,2026-09-10
11000UQ120PS202411014449,길음5,성북구,재개발,재개발(주택정비형),건축심의,2026-09-10
11000UQ120PS202505310829,대일연립 소규모재건축사업,성북구,재건축,소규모재건축사업,조합설립추진중,2026-09-10
11000UQ120PS202411014416,돈암6,성북구,재개발,재개발(주택정비형),사업시행인가,2026-09-10
11000UQ120PS202505310857,동부주택아파트 소규모재건축사업,성북구,재건축,소규모재건축사업,조합설립추진중,2026-09-10
11000UQ120PS202411014415,동선2,성북구,재개발,재개발(주택정비형),착공,2026-09-10
11290UQ120PS202606300001,동소문2,성북구,재개발,재개발(주택정비형),건축심의,2026-09-10
11000UQ120PS202411014432,보문5,성북구,재개발,재개발(주택정비형),착공,2026-09-10
11000UQ120PS202505310830,북악연립 소규모재건축사업,성북구,재건축,소규모재건축사업,조합설립추진중,2026-09-10
11000UQ120PS202601310025,삼선3,성북구,신속통합기획,신속통합기획,대상지선정(추진중),2026-09-10
11000UQ120PS202411014413,삼선5,성북구,재개발,재개발(주택정비형),착공,2026-09-10
11000UQ120PS202601310057,석관4,성북구,재개발,재개발(주택정비형),구역지정,2026-09-10
11000UQ120PS202407010906,석관4구역,성북구,신속통합기획,신속통합기획,기획완료,2026-09-10
11000UQ120PS202503070050,석관동 261-22번지 일대,성북구,모아타운,모아타운,관리지역고시,2026-09-10
11000UQ120PS202503070051,석관동 334-69번지 일대,성북구,모아타운,모아타운,관리지역고시,2026-09-10
11000UQ120PS202411014497,성북1,성북구,재개발,재개발(주택정비형),조합설립인가,2026-09-10
11290UQ120PS202603130001,성북2,성북구,재개발,재개발(주택정비형),사업시행인가,2026-09-10
11000UQ120PS202407010946,성북3,성북구,신속통합기획,신속통합기획,대상지선정(추진중),2026-09-10
11000UQ120PS202411014333,신길음,성북구,재개발,재개발(도시정비형),사업시행인가,2026-09-10
11000UQ120PS202411014299,신길음1,성북구,재개발,재개발(도시정비형),건축심의,2026-09-10
11290UQ120PS202603090001,신월곡1,성북구,재개발,재개발(도시정비형),관리처분계획인가,2026-09-10
11000UQ120PS202411014103,안암1,성북구,재건축,재건축(단독),조합설립인가,2026-09-10
11000UQ120PS202505310855,월곡동신아파트 소규모재건축사업,성북구,재건축,소규모재건축사업,사업시행계획인가,2026-09-10
11000UQ120PS202505310831,이화연립 소규모재건축사업,성북구,재건축,소규모재건축사업,건축심의,2026-09-10
11000UQ120PS202411014477,장위10,성북구,재개발,재개발(주택정비형),착공,2026-09-10
11290UQ120PS202604240001,장위13-1,성북구,신속통합기획,신속통합기획,기획완료,2026-09-10
11290UQ120PS202604240002,장위13-2,성북구,신속통합기획,신속통합기획,기획완료,2026-09-10
11000UQ120PS202411014453,장위14,성북구,재개발,재개발(주택정비형),건축심의,2026-09-10
11290UQ120PS202607150002,장위15,성북구,재개발,재개발(주택정비형),건축심의,2026-09-10
11000UQ120PS202411014470,장위3,성북구,재개발,재개발(주택정비형),추진위구성,2026-09-10
11000UQ120PS202411014469,장위6,성북구,재개발,재개발(주택정비형),착공,2026-09-10
11000UQ120PS202411014480,장위8,성북구,재개발,재개발(주택정비형),조합설립인가,2026-09-10
11000UQ120PS202411014481,장위9,성북구,재개발,재개발(주택정비형),조합설립인가,2026-09-10
11000UQ120PS202505310023,정릉2,성북구,신속통합기획,신속통합기획,대상지선정(추진중),2026-09-10
11000UQ120PS202505310856,정릉7 주택재건축정비사업,성북구,재건축,소규모재건축사업,사업시행계획인가,2026-09-10
11000UQ120PS202411014439,정릉골,성북구,재개발,재개발(주택정비형),관리처분계획인가,2026-09-10
11290UQ120PS202607150003,정릉동 226-1,성북구,모아타운,모아타운,관리지역고시,2026-09-10
11290UQ120PS202605070001,정릉동 559-43번지 일대,성북구,모아타운,모아타운,관리지역고시,2026-09-10
11000UQ120PS202502050011,정릉동 898-16 일대,성북구,신속통합기획,신속통합기획,대상지선정(추진중),2026-09-10
11000UQ120PS202505310854,정릉스카이연립 소규모재건축사업,성북구,재건축,소규모재건축사업,조합설립인가,2026-09-10
11000UQ120PS202601310058,종암8,성북구,재개발,재개발(주택정비형),추진위구성,2026-09-10
11000UQ120PS202407010926,종암8구역,성북구,신속통합기획,신속통합기획,기획완료,2026-09-10
11000UQ120PS202601310059,종암9,성북구,재개발,재개발(주택정비형),추진위구성,2026-09-10
11290UQ120PS202604140001,종암9구역,성북구,신속통합기획,신속통합기획,기획완료,2026-09-10
11000UQ120PS202503070090,종암동 125-1,성북구,모아타운,모아타운,수립범위 자문,2026-09-10
11000UQ120PS202601310060,하월곡1,성북구,재개발,재개발(주택정비형),추진위구성,2026-09-10
11000UQ120PS202407010888,하월곡동1,성북구,신속통합기획,신속통합기획,기획완료,2026-09-10
11000UQ120PS202411014164,가락1차현대,송파구,재건축,재건축(공동),사업시행인가,2026-09-10
11000UQ120PS202411014162,가락극동,송파구,재건축,재건축(공동),건축심의,2026-09-10
11000UQ120PS202411014178,가락미륭,송파구,재건축,재건축(공동),관리처분계획인가,2026-09-10
11000UQ120PS202411014151,가락삼익맨숀,송파구,재건축,재건축(공동),관리처분계획인가,2026-09-10
11000UQ120PS202411014163,가락상아1차,송파구,재건축,재건축(공동),관리처분계획인가,2026-09-10
11000UQ120PS202411014140,가락우성1차,송파구,재건축,재건축(공동),조합설립인가,2026-09-10
11000UQ120PS202502050013,가락우창,송파구,신속통합기획,신속통합기획,기획완료,2026-09-10
11710UQ120PS202605210001,가락우창,송파구,재건축,재건축(공동),추진위구성,2026-09-10
11000UQ120PS202411014131,가락프라자,송파구,재건축,재건축(공동),관리처분계획인가,2026-09-10
11000UQ120PS202411014044,가락현대5차 소규모재건축사업,송파구,재건축,소규모재건축사업,착공,2026-09-10
11000UQ120PS202503070003,거여동 555번지 일대,송파구,모아타운,모아타운,관리지역고시,2026-09-10
11000UQ120PS202411014451,거여새마을,송파구,재개발,재개발(주택정비형),사업시행인가,2026-09-10
11000UQ120PS202411014134,대림가락,송파구,재건축,재건축(공동),건축심의,2026-09-10
11000UQ120PS202411014467,마천1,송파구,재개발,재개발(주택정비형),조합설립인가,2026-09-10
11000UQ120PS202503310007,마천2,송파구,재개발,재개발(주택정비형),추진위구성,2026-09-10
11000UQ120PS202407010910,마천2구역,송파구,신속통합기획,신속통합기획,기획완료,2026-09-10
11000UQ120PS202411014460,마천3,송파구,재개발,재개발(주택정비형),사업시행인가,2026-09-10
11000UQ120PS202411014457,마천4,송파구,재개발,재개발(주택정비형),관리처분계획인가,2026-09-10
11000UQ120PS202503310008,마천5,송파구,재개발,재개발(주택정비형),조합설립인가,2026-09-10
11000UQ120PS202407010902,마천5구역,송파구,신속통합기획,신속통합기획,기획완료,2026-09-10
11000UQ120PS202408313210,미성크로바,송파구,재건축,재건축(공동),준공,2026-09-10
11000UQ120PS202411014167,삼환가락,송파구,재건축,재건축(공동),관리처분계획인가,2026-09-10
11000UQ120PS202407010872,송파 한양2차,송파구,신속통합기획,신속통합기획,기획완료,2026-09-10
11000UQ120PS202411014135,송파미성,송파구,재건축,재건축(공동),조합설립인가,2026-09-10
11000UQ120PS202502050014,송파한양1차,송파구,신속통합기획,신속통합기획,기획완료,2026-09-10
11000UQ120PS202411014250,오금현대,송파구,재건축,재건축(공동),조합설립인가,2026-09-10
11000UQ120PS202505317003,올림픽빌라 소규모재건축사업,송파구,재건축,소규모재건축사업,조합설립인가,2026-09-10
11000UQ120PS202505310024,올림픽선수기자촌,송파구,신속통합기획,신속통합기획,대상지선정(추진중),2026-09-10
11000UQ120PS202411014526,올림픽훼미리타운,송파구,신속통합기획,신속통합기획,기획완료,2026-09-10
11000UQ120PS202411014045,유천연립 소규모재건축사업,송파구,재건축,소규모재건축사업,사업시행계획인가,2026-09-10
11000UQ120PS202411014141,"잠실우성1,2,3차",송파구,재건축,재건축(공동),건축심의,2026-09-10
11000UQ120PS202411014144,잠실우성4차,송파구,재건축,재건축(공동),관리처분계획인가,2026-09-10
11000UQ120PS202407010936,잠실주공5,송파구,신속통합기획,신속통합기획,기획완료,2026-09-10
11000UQ120PS202408313211,잠실주공5단지,송파구,재건축,재건축(공동),건축심의,2026-09-10
11000UQ120PS202411014235,잠실진주,송파구,재건축,재건축(공동),준공,2026-09-10
11710UQ120PS202607230001,"장미1,2,3차",송파구,신속통합기획,신속통합기획,기획완료,2026-09-10
11710UQ120PS202607230002,"장미1,2,3차",송파구,재건축,재건축(공동),조합설립인가,2026-09-10
11000UQ120PS202502050015,풍납극동,송파구,신속통합기획,신속통합기획,기획완료,2026-09-10
11000UQ120PS202503070100,풍납동 483-10번지 일대,송파구,모아타운,모아타운,관리지역고시,2026-09-10
11000UQ120PS202502050012,풍납미성,송파구,신속통합기획,신속통합기획,대상지선정(추진중),2026-09-10
11710UQ120PS202605210002,풍납미성,송파구,재건축,재건축(공동),추진위구성,2026-09-10
11000UQ120PS202411014194,한양2차,송파구,재건축,재건축(공동),조합설립인가,2026-09-10
11000UQ120PS202411014154,한양3차,송파구,재건축,재건축(공동),관리처분계획인가,2026-09-10
11000UQ120PS202503070031,목2동 231-27,양천구,모아타운,모아타운,대상지선정,2026-09-10
11000UQ120PS202407010927,목2동232 일대,양천구,신속통합기획,신속통합기획,기획완료,2026-09-10
11000UQ120PS202601310061,목2동232번지일대,양천구,재개발,재개발(주택정비형),추진위구성,2026-09-10
11470UQ120PS202605210001,목2동523번지일대역세권,양천구,재개발,재개발(도시정비형),조합설립인가,2026-09-10
11470UQ120PS202605040001,목4동 728-1번지 일대,양천구,모아타운,모아타운,관리지역고시,2026-09-10
11000UQ120PS202503070033,목동 644-1번지 일대 모아타운 관리계획,양천구,모아타운,모아타운,위원회심의,2026-09-10
11000UQ120PS202407010955,목동10단지,양천구,신속통합기획,신속통합기획,대상지선정(추진중),2026-09-10
11000UQ120PS202601310075,목동10단지,양천구,재건축,재건축(공동),조합설립인가,2026-09-10
11000UQ120PS202502050016,목동11단지,양천구,신속통합기획,신속통합기획,대상지선정(추진중),2026-09-10
11470UQ120PS202605210002,목동11단지,양천구,재건축,재건축(공동),조합설립인가,2026-09-10
11000UQ120PS202407010956,목동12단지,양천구,신속통합기획,신속통합기획,기획완료,2026-09-10
11000UQ120PS202505310066,목동12단지,양천구,재건축,재건축(공동),조합설립인가,2026-09-10
11000UQ120PS202407010957,목동13단지,양천구,신속통합기획,신속통합기획,기획완료,2026-09-10
11000UQ120PS202505310065,목동13단지,양천구,재건축,재건축(공동),조합설립인가,2026-09-10
11000UQ120PS202407010958,목동14단지,양천구,신속통합기획,신속통합기획,기획완료,2026-09-10
11000UQ120PS202505310064,목동14단지,양천구,재건축,재건축(공동),조합설립인가,2026-09-10
11000UQ120PS202502050017,목동1단지,양천구,신속통합기획,신속통합기획,대상지선정(추진중),2026-09-10
11470UQ120PS202605210003,목동1단지,양천구,재건축,재건축(공동),구역지정,2026-09-10
11000UQ120PS202502050018,목동2단지,양천구,신속통합기획,신속통합기획,대상지선정(추진중),2026-09-10
11470UQ120PS202605210004,목동2단지,양천구,재건축,재건축(공동),구역지정,2026-09-10
11000UQ120PS202502050019,목동3단지,양천구,신속통합기획,신속통합기획,대상지선정(추진중),2026-09-10
11470UQ120PS202605210005,목동3단지,양천구,재건축,재건축(공동),추진위구성,2026-09-10
11000UQ120PS202407010951,목동4단지,양천구,신속통합기획,신속통합기획,대상지선정(추진중),2026-09-10
11000UQ120PS202601310076,목동4단지,양천구,재건축,재건축(공동),추진위구성,2026-09-10
11000UQ120PS202407010952,목동5단지,양천구,신속통합기획,신속통합기획,대상지선정(추진중),2026-09-10
11000UQ120PS202601310077,목동5단지,양천구,재건축,재건축(공동),조합설립인가,2026-09-10
11000UQ120PS202407010911,목동6단지,양천구,신속통합기획,신속통합기획,기획완료,2026-09-10
11000UQ120PS202408313170,목동6단지,양천구,재건축,재건축(공동),조합설립인가,2026-09-10
11000UQ120PS202407010953,목동7단지,양천구,신속통합기획,신속통합기획,대상지선정(추진중),2026-09-10
11000UQ120PS202601310078,목동7단지,양천구,재건축,재건축(공동),추진위구성,2026-09-10
11000UQ120PS202407010959,목동8단지,양천구,신속통합기획,신속통합기획,기획완료,2026-09-10
11000UQ120PS202505310063,목동8단지,양천구,재건축,재건축(공동),추진위구성,2026-09-10
11000UQ120PS202407010954,목동9단지,양천구,신속통합기획,신속통합기획,대상지선정(추진중),2026-09-10
11000UQ120PS202601310079,목동9단지,양천구,재건축,재건축(공동),조합설립인가,2026-09-10
11000UQ120PS202411014161,수정아파트,양천구,재건축,재건축(공동),관리처분계획인가,2026-09-10
11470UQ120PS202608260001,신월1동 229번지 일대,양천구,신속통합기획,신속통합기획,대상지선정(추진중),2026-09-10
11000UQ120PS202503070070,신월3동 173번지 일대,양천구,모아타운,모아타운,관리지역고시,2026-09-10
11000UQ120PS202411014524,신월5동 72 일대,양천구,신속통합기획,신속통합기획,대상지선정(추진중),2026-09-10
11470UQ120PS202603190001,신월5동77번지일대,양천구,재개발,재개발(주택정비형),조합설립인가,2026-09-10
11000UQ120PS202407010895,신월7동 1구역,양천구,신속통합기획,신속통합기획,기획완료,2026-09-10
11000UQ120PS202505310059,신월7동 1구역,양천구,재개발,재개발(주택정비형),조합설립인가,2026-09-10
11470UQ120PS202604090001,신월7동2,양천구,재개발,재개발(주택정비형),조합설립인가,2026-09-10
11000UQ120PS202503070069,신월동 102-33일대,양천구,모아타운,모아타운,관리지역고시,2026-09-10
11000UQ120PS202407010969,신월시영,양천구,신속통합기획,신속통합기획,기획완료,2026-09-10
11000UQ120PS202601310080,신월시영,양천구,재건축,재건축(공동),조합설립인가,2026-09-10
11000UQ120PS202411014475,신정1-3,양천구,재개발,재개발(주택정비형),사업시행인가,2026-09-10
11000UQ120PS202407010864,신정1-5,양천구,신속통합기획,신속통합기획,기획완료,2026-09-10
11000UQ120PS202411014310,신정3-1,양천구,재개발,재개발(도시정비형),추진위구성,2026-09-10
11000UQ120PS202411014311,신정3-2,양천구,재개발,재개발(도시정비형),추진위구성,2026-09-10
11000UQ120PS202601310068,신정4,양천구,재건축,재건축(단독),관리처분계획인가,2026-09-10
11000UQ120PS202505310771,신정4동 916-1번지 일대 소규모재개발사업,양천구,재개발,소규모재개발사업,조합설립추진중,2026-09-10
11000UQ120PS202505310025,신정4동 922 일대,양천구,신속통합기획,신속통합기획,기획완료,2026-09-10
11000UQ120PS202411014501,신정동 1152번지 일대,양천구,재개발,재개발(주택정비형),조합설립인가,2026-09-10
11000UQ120PS202407010899,당산1구역,영등포구,신속통합기획,신속통합기획,기획완료,2026-09-10
11000UQ120PS202601310062,당산1구역,영등포구,재개발,재개발(주택정비형),추진위구성,2026-09-10
11000UQ120PS202505310832,당산현대2차아파트 소규모재건축사업,영등포구,재건축,소규모재건축사업,사업시행계획인가,2026-09-10
11000UQ120PS202601310028,당산현대3차,영등포구,신속통합기획,신속통합기획,대상지선정(추진중),2026-09-10
11000UQ120PS202407010922,대림1구역,영등포구,신속통합기획,신속통합기획,기획완료,2026-09-10
11000UQ120PS202601310063,대림1구역,영등포구,재개발,재개발(주택정비형),추진위구성,2026-09-10
11000UQ120PS202503070013,대림3동 786번지 일대,영등포구,모아타운,모아타운,관리지역고시,2026-09-10
11000UQ120PS202601310027,대림우성,영등포구,신속통합기획,신속통합기획,대상지선정(추진중),2026-09-10
11560UQ120PS202605210001,대방역세권,영등포구,재개발,재개발(도시정비형),조합설립인가,2026-09-10
11000UQ120PS202601310040,대선제분1구역5지구,영등포구,재개발,재개발(도시정비형),관리처분계획인가,2026-09-10
11000UQ120PS202411014277,대선제분일대1구역1지구,영등포구,재개발,재개발(도시정비형),사업시행인가,2026-09-10
11560UQ120PS202602250001,도림1구역,영등포구,재개발,재개발(주택정비형),구역지정,2026-09-10
11000UQ120PS202601310026,도림동 133-1,영등포구,신속통합기획,신속통합기획,대상지선정(추진중),2026-09-10
11000UQ120PS202411014258,문래동1가A-5,영등포구,재개발,재개발(도시정비형),관리처분계획인가,2026-09-10
11000UQ120PS202601310041,"문래동1가A8,11지구",영등포구,재개발,재개발(도시정비형),구역지정,2026-09-10
11000UQ120PS202411014265,문래동2가A-4,영등포구,재개발,재개발(도시정비형),구역지정,2026-09-10
11000UQ120PS202411014283,"문래동4가
",영등포구,재개발,재개발(도시정비형),조합설립인가,2026-09-10
11000UQ120PS202411014138,문래동국화아파트,영등포구,재건축,재건축(공동),조합설립인가,2026-09-10
11000UQ120PS202411014149,문래동남성아파트,영등포구,재건축,재건축(공동),사업시행인가,2026-09-10
11000UQ120PS202411014146,문래동진주아파트,영등포구,재건축,재건축(공동),착공,2026-09-10
11000UQ120PS202601310029,문래두산위브,영등포구,신속통합기획,신속통합기획,대상지선정(추진중),2026-09-10
11000UQ120PS202407010837,신길1,영등포구,재개발,재개발(주택정비형),조합설립인가,2026-09-10
11000UQ120PS202411014118,신길10,영등포구,재건축,재건축(공동),착공,2026-09-10
11000UQ120PS202407010848,신길13,영등포구,재건축,재건축(공동),사업시행인가,2026-09-10
11000UQ120PS202411014519,신길16-2,영등포구,신속통합기획,신속통합기획,기획완료,2026-09-10
11000UQ120PS202411014159,신길동삼성아파트,영등포구,재건축,재건축(공동),건축심의,2026-09-10
11000UQ120PS202411014137,"신길동우성2차,우창아파트",영등포구,재건축,재건축(공동),사업시행인가,2026-09-10
11000UQ120PS202411014282,신길역세권,영등포구,재개발,재개발(도시정비형),건축심의,2026-09-10
11000UQ120PS202505310027,신길우성3차,영등포구,신속통합기획,신속통합기획,대상지선정(추진중),2026-09-10
11000UQ120PS202601310034,신길우성4차,영등포구,신속통합기획,신속통합기획,대상지선정(추진중),2026-09-10
11000UQ120PS202411014410,신길제2구역,영등포구,재개발,재개발(주택정비형),사업시행인가,2026-09-10
11560UQ120PS202604280001,신풍역 일대,영등포구,신속통합기획,신속통합기획,기획완료,2026-09-10
11000UQ120PS202411014260,양평12,영등포구,재개발,재개발(도시정비형),준공,2026-09-10
11000UQ120PS202411014341,양평13,영등포구,재개발,재개발(도시정비형),사업시행인가,2026-09-10
11560UQ120PS202607210001,양평14,영등포구,재개발,재개발(도시정비형),추진위구성,2026-09-10
11000UQ120PS202411014165,양평동신동아아파트,영등포구,재건축,재건축(공동),건축심의,2026-09-10
11000UQ120PS202505310029,여의도 광장 38(1~2동),영등포구,신속통합기획,신속통합기획,대상지선정(추진중),2026-09-10
11000UQ120PS202407010937,여의도 광장(1~2동 제외),영등포구,신속통합기획,신속통합기획,대상지선정(추진중),2026-09-10
11560UQ120PS202603100002,여의도 대교,영등포구,신속통합기획,신속통합기획,기획완료,2026-09-10
11560UQ120PS202602230002,여의도 목화,영등포구,신속통합기획,신속통합기획,대상지선정(추진중),2026-09-10
11000UQ120PS202407010904,여의도 삼부,영등포구,신속통합기획,신속통합기획,대상지선정(추진중),2026-09-10
11000UQ120PS202505310028,여의도 삼익,영등포구,신속통합기획,신속통합기획,대상지선정(추진중),2026-09-10
11000UQ120PS202407010868,여의도 시범,영등포구,신속통합기획,신속통합기획,기획완료,2026-09-10
11000UQ120PS202505310030,여의도 은하,영등포구,신속통합기획,신속통합기획,대상지선정(추진중),2026-09-10
11000UQ120PS202407010869,여의도 한양,영등포구,신속통합기획,신속통합기획,기획완료,2026-09-10
11000UQ120PS202411014227,여의도공작아파트,영등포구,재건축,재건축(공동),조합설립인가,2026-09-10
11000UQ120PS202411014205,여의도광장아파트28번지,영등포구,재건축,재건축(공동),조합설립인가,2026-09-10
11000UQ120PS202411014228,여의도광장아파트38-1번지,영등포구,재건축,재건축(공동),조합설립인가,2026-09-10
11560UQ120PS202603100001,여의도대교아파트,영등포구,재건축,재건축(공동),관리처분계획인가,2026-09-10
11560UQ120PS202602230001,여의도목화아파트,영등포구,재건축,재건축(공동),조합설립인가,2026-09-10
11000UQ120PS202411014226,여의도미성아파트,영등포구,재건축,재건축(공동),추진위구성,2026-09-10
11000UQ120PS202411014201,여의도삼부아파트,영등포구,재건축,재건축(공동),추진위구성,2026-09-10
11560UQ120PS202607220002,여의도삼익아파트,영등포구,재건축,재건축(공동),조합설립인가,2026-09-10
11000UQ120PS202601310081,여의도수정아파트,영등포구,재건축,재건축(공동),구역지정,2026-09-10
11000UQ120PS202411014191,여의도시범아파트,영등포구,재건축,재건축(공동),건축심의,2026-09-10
11560UQ120PS202607220001,여의도은하아파트,영등포구,재건축,재건축(공동),조합설립인가,2026-09-10
11000UQ120PS202601310082,여의도진주아파트,영등포구,재건축,재건축(공동),추진위구성,2026-09-10
11000UQ120PS202411014192,여의도한양아파트,영등포구,재건축,재건축(공동),사업시행인가,2026-09-10
11000UQ120PS202411014313,영등포1-11,영등포구,재개발,재개발(도시정비형),사업시행인가,2026-09-10
11000UQ120PS202411014391,영등포1-12,영등포구,재개발,재개발(도시정비형),조합설립인가,2026-09-10
11000UQ120PS202411014314,영등포1-13,영등포구,재개발,재개발(도시정비형),착공,2026-09-10
11000UQ120PS202411014304,영등포1-2,영등포구,재개발,재개발(도시정비형),사업시행인가,2026-09-10
11000UQ120PS202411014259,영등포도심역세권도시정비형재개발구역,영등포구,재개발,재개발(도시정비형),조합설립인가,2026-09-10
11000UQ120PS202505319011,영등포동7가 68-1번지 일대 소규모재개발사업,영등포구,재개발,소규모재개발사업,조합설립추진중,2026-09-10
11000UQ120PS202411014130,유원제일1차아파트,영등포구,재건축,재건축(공동),착공,2026-09-10
11000UQ120PS202411014133,유원제일2차아파트,영등포구,재건축,재건축(공동),사업시행인가,2026-09-10
11000UQ120PS202411014187,강변강서아파트,용산구,재건축,재건축(공동),조합설립인가,2026-09-10
11000UQ120PS202407233069,남영동업무지구2,용산구,재개발,재개발(도시정비형),조합설립인가,2026-09-10
11000UQ120PS202407233081,동자동2,용산구,재개발,재개발(도시정비형),관리처분계획인가,2026-09-10
11000UQ120PS202411014525,동후암1,용산구,신속통합기획,신속통합기획,대상지선정(추진중),2026-09-10
11000UQ120PS202502050021,동후암3,용산구,신속통합기획,신속통합기획,대상지선정(추진중),2026-09-10
11000UQ120PS202411014182,산호아파트,용산구,재건축,재건축(공동),사업시행인가,2026-09-10
11000UQ120PS202503070048,서계동 116,용산구,모아타운,모아타운,사전자문,2026-09-10
11170UQ120PS202604100001,서계동통합,용산구,신속통합기획,신속통합기획,기획완료,2026-09-10
11000UQ120PS202601310064,서계통합구역,용산구,재개발,재개발(주택정비형),추진위구성,2026-09-10
11170UQ120PS202603120002,서빙고 신동아,용산구,신속통합기획,신속통합기획,기획완료,2026-09-10
11170UQ120PS202603120001,신동아아파트,용산구,재건축,재건축(공동),사업시행인가,2026-09-10
11000UQ120PS202407233058,신용산역북측1,용산구,재개발,재개발(도시정비형),사업시행인가,2026-09-10
11000UQ120PS202407233077,신용산역북측2,용산구,재개발,재개발(도시정비형),사업시행인가,2026-09-10
11000UQ120PS202601310030,신창동 29-1,용산구,신속통합기획,신속통합기획,대상지선정(추진중),2026-09-10
11000UQ120PS202411014231,왕궁아파트,용산구,재건축,재건축(공동),조합설립인가,2026-09-10
11000UQ120PS202601310031,용산동2가 1-1351,용산구,신속통합기획,신속통합기획,대상지선정(추진중),2026-09-10
11000UQ120PS202407233093,용산역전면1-2,용산구,재개발,재개발(도시정비형),추진위구성,2026-09-10
11170UQ120PS202605070001,원효로4가 71번지 일대,용산구,모아타운,모아타운,관리지역고시,2026-09-10
11000UQ120PS202411014120,이촌1,용산구,재건축,재건축(단독),추진위구성,2026-09-10
11000UQ120PS202411014527,이촌1,용산구,신속통합기획,신속통합기획,기획완료,2026-09-10
11000UQ120PS202505310032,이태원동 730 일대,용산구,신속통합기획,신속통합기획,대상지선정(추진중),2026-09-10
11000UQ120PS202411014351,정비창전면1,용산구,재개발,재개발(도시정비형),조합설립인가,2026-09-10
11000UQ120PS202411014355,정비창전면3,용산구,재개발,재개발(도시정비형),조합설립인가,2026-09-10
11000UQ120PS202411014245,중산시범아파트,용산구,재건축,재건축(공동),추진위구성,2026-09-10
11000UQ120PS202407010885,청파 2구역,용산구,신속통합기획,신속통합기획,기획완료,2026-09-10
11170UQ120PS202604130001,청파1구역,용산구,재개발,재개발(주택정비형),조합설립인가,2026-09-10
11000UQ120PS202601310065,청파2구역,용산구,재개발,재개발(주택정비형),구역지정,2026-09-10
11000UQ120PS202505310031,청파3,용산구,신속통합기획,신속통합기획,대상지선정(추진중),2026-09-10
11000UQ120PS202502050020,청화,용산구,신속통합기획,신속통합기획,대상지선정(추진중),2026-09-10
11170UQ120PS202607200001,청화아파트,용산구,재건축,재건축(공동),추진위구성,2026-09-10
11000UQ120PS202411014038,풍전아파트 소규모재건축사업,용산구,재건축,소규모재건축사업,조합설립인가,2026-09-10
11000UQ120PS202411014352,한강로,용산구,재개발,재개발(도시정비형),건축심의,2026-09-10
11000UQ120PS202408313038,한강맨션아파트,용산구,재건축,재건축(공동),관리처분계획인가,2026-09-10
11000UQ120PS202408313057,한강삼익아파트,용산구,재건축,재건축(공동),사업시행인가,2026-09-10
11000UQ120PS202411014490,한남2구역,용산구,재개발,재개발(주택정비형),관리처분계획인가,2026-09-10
11000UQ120PS202411014489,한남3구역,용산구,재개발,재개발(주택정비형),관리처분계획인가,2026-09-10
11000UQ120PS202411014488,한남4구역,용산구,재개발,재개발(주택정비형),사업시행인가,2026-09-10
11000UQ120PS202411014487,한남5구역,용산구,재개발,재개발(주택정비형),건축심의,2026-09-10
11000UQ120PS202411014036,한남시범아파트 소규모재건축사업,용산구,재건축,소규모재건축사업,건축심의,2026-09-10
11000UQ120PS202411014037,한양철우아파트 소규모재건축사업,용산구,재건축,소규모재건축사업,조합설립인가,2026-09-10
11000UQ120PS202411014119,후암1,용산구,재건축,재건축(단독),추진위구성,2026-09-10
11380UQ120PS202607310001,갈현1,은평구,재개발,재개발(주택정비형),착공,2026-09-10
11380UQ120PS202605210001,갈현2,은평구,재개발,재개발(주택정비형),구역지정,2026-09-10
11380UQ120PS202603100001,갈현동 12-248일대,은평구,신속통합기획,신속통합기획,기획완료,2026-09-10
11000UQ120PS202411014434,대조1,은평구,재개발,재개발(주택정비형),착공,2026-09-10
11000UQ120PS202503070014,대조동 89번지 일대,은평구,모아타운,모아타운,관리지역고시,2026-09-10
11000UQ120PS202411014280,"독바위역세권
",은평구,재개발,재개발(도시정비형),건축심의,2026-09-10
11000UQ120PS202411014099,불광1,은평구,재건축,재건축(단독),사업시행인가,2026-09-10
11380UQ120PS202607020001,불광5,은평구,재개발,재개발(주택정비형),관리처분계획인가,2026-09-10
11000UQ120PS202503310009,불광8,은평구,재개발,재개발(주택정비형),조합설립인가,2026-09-10
11380UQ120PS202604150001,불광8구역,은평구,신속통합기획,신속통합기획,기획완료,2026-09-10
11380UQ120PS202605070001,불광동 170번지 일대,은평구,모아타운,모아타운,관리지역고시,2026-09-10
11380UQ120PS202608040001,불광동 359-1,은평구,신속통합기획,신속통합기획,기획완료,2026-09-10
11380UQ120PS202608120002,불광동 442일대 주택재개발사업 후보지,은평구,신속통합기획,신속통합기획,대상지선정(추진중),2026-09-10
11380UQ120PS202608120001,불광동 445 일대 신속통합기획 주택재개발사업,은평구,신속통합기획,신속통합기획,대상지선정(추진중),2026-09-10
11000UQ120PS202407010944,불광미성,은평구,신속통합기획,신속통합기획,대상지선정(추진중),2026-09-10
11000UQ120PS202505310833,서부주택 주택재건축정비사업,은평구,재건축,소규모재건축사업,준공,2026-09-10
11000UQ120PS202505310853,성락타운 소규모재건축정비사업,은평구,재건축,소규모재건축사업,건축심의,2026-09-10
11000UQ120PS202411014397,수색12구역,은평구,재개발,재개발(도시정비형),추진위구성,2026-09-10
11000UQ120PS202411014401,수색1구역,은평구,재개발,재개발(도시정비형),조합설립인가,2026-09-10
11000UQ120PS202411014400,수색3구역,은평구,재개발,재개발(도시정비형),구역지정,2026-09-10
11000UQ120PS202411014399,수색5구역,은평구,재개발,재개발(도시정비형),구역지정,2026-09-10
11380UQ120PS202604210003,수색8,은평구,재개발,재개발(주택정비형),관리처분계획인가,2026-09-10
11000UQ120PS202411014108,신사1,은평구,재건축,재건축(단독),착공,2026-09-10
11380UQ120PS202604150002,신사동200번지일대,은평구,신속통합기획,신속통합기획,기획완료,2026-09-10
11380UQ120PS202605210002,신사동200번지일대,은평구,재개발,재개발(주택정비형),구역지정,2026-09-10
11380UQ120PS202604150003,신사동237번지일대,은평구,신속통합기획,신속통합기획,기획완료,2026-09-10
11380UQ120PS202605210003,신사동237번지일대,은평구,재개발,재개발(주택정비형),조합설립인가,2026-09-10
11000UQ120PS202601310042,역촌역세권(대조동),은평구,재개발,재개발(도시정비형),조합설립인가,2026-09-10
11000UQ120PS202411014257,연신내,은평구,재개발,재개발(도시정비형),착공,2026-09-10
11000UQ120PS202505310773,응암동 584-56 일원 소규모재개발사업,은평구,재개발,소규모재개발사업,조합설립추진중,2026-09-10
11000UQ120PS202505310033,응암동 675,은평구,신속통합기획,신속통합기획,기획완료,2026-09-10
11000UQ120PS202601310066,응암동700번지일대,은평구,재개발,재개발(주택정비형),추진위구성,2026-09-10
11000UQ120PS202601310067,응암동755번지,은평구,재개발,재개발(주택정비형),구역지정,2026-09-10
11000UQ120PS202411014482,증산5,은평구,재개발,재개발(주택정비형),관리처분계획인가,2026-09-10
11000UQ120PS202411014384,"공평15,16",종로구,재개발,재개발(도시정비형),착공,2026-09-10
11110UQ120PS202604010003,"공평15,16지구",종로구,신속통합기획,신속통합기획,기획완료,2026-09-10
11000UQ120PS202601310043,공평3,종로구,재개발,재개발(도시정비형),건축심의,2026-09-10
11000UQ120PS202601310035,관수동구역소단위정비1지구,종로구,신속통합기획,신속통합기획,대상지선정(추진중),2026-09-10
11000UQ120PS202505310048,관수동일반정비3,종로구,재개발,재개발(도시정비형),사업시행인가,2026-09-10
11000UQ120PS202505310043,관수동일반정비8,종로구,재개발,재개발(도시정비형),사업시행인가,2026-09-10
11110UQ120PS202605040001,구기동 100-48번지 일대,종로구,모아타운,모아타운,관리지역고시,2026-09-10
11000UQ120PS202601310036,구기현대궁전빌라,종로구,신속통합기획,신속통합기획,대상지선정(추진중),2026-09-10
11000UQ120PS202407010967,금강하이츠빌라,종로구,신속통합기획,신속통합기획,기획완료,2026-09-10
11110UQ120PS202604010002,내자필운2-1,종로구,재개발,재개발(도시정비형),구역지정,2026-09-10
11000UQ120PS202407232813,돈의문2,종로구,재개발,재개발(도시정비형),관리처분계획인가,2026-09-10
11000UQ120PS202407232698,사직2,종로구,재개발,재개발(도시정비형),사업시행인가,2026-09-10
11000UQ120PS202503310002,서린345지구,종로구,재개발,재개발(도시정비형),사업시행인가,2026-09-10
11000UQ120PS202411014328,세운2,종로구,재개발,재개발(도시정비형),구역지정,2026-09-10
11000UQ120PS202407232816,세운4,종로구,재개발,재개발(도시정비형),관리처분계획인가,2026-09-10
11000UQ120PS202407232699,수송1-2,종로구,재개발,재개발(도시정비형),건축심의,2026-09-10
11000UQ120PS202407232700,수송1-3,종로구,재개발,재개발(도시정비형),사업시행인가,2026-09-10
11000UQ120PS202407232702,수송1-7,종로구,재개발,재개발(도시정비형),사업시행인가,2026-09-10
11000UQ120PS202601310032,숭인동 56,종로구,신속통합기획,신속통합기획,기획완료,2026-09-10
11110UQ120PS202605070001,숭인동 61번지 일대,종로구,모아타운,모아타운,관리지역고시,2026-09-10
11000UQ120PS202503310000,숭인동56일대,종로구,재개발,재개발(주택정비형),구역지정,2026-09-10
11000UQ120PS202407232834,신문로2-12,종로구,재개발,재개발(도시정비형),조합설립인가,2026-09-10
11000UQ120PS202407232865,신영1,종로구,재개발,재개발(주택정비형),착공,2026-09-10
11000UQ120PS202407232697,종로6가,종로구,재개발,재개발(도시정비형),구역지정,2026-09-10
11000UQ120PS202411014267,창신1-6,종로구,재개발,재개발(도시정비형),조합설립인가,2026-09-10
11000UQ120PS202407010940,창신10구역,종로구,신속통합기획,신속통합기획,기획완료,2026-09-10
11000UQ120PS202407232705,창신3,종로구,재개발,재개발(도시정비형),구역지정,2026-09-10
11000UQ120PS202407232704,창신4-1,종로구,재개발,재개발(도시정비형),추진위구성,2026-09-10
11000UQ120PS202407010915,창신9구역,종로구,신속통합기획,신속통합기획,기획완료,2026-09-10
11000UQ120PS202407010912,창신동 23,종로구,신속통합기획,신속통합기획,기획완료,2026-09-10
11110UQ120PS202605210001,창신동23-606번지일원,종로구,재개발,재개발(주택정비형),구역지정,2026-09-10
11000UQ120PS202503310010,창신동23일대,종로구,재개발,재개발(주택정비형),구역지정,2026-09-10
11110UQ120PS202605210002,창신동629번지일원,종로구,재개발,재개발(주택정비형),구역지정,2026-09-10
11000UQ120PS202411014043,청운빌라 소규모재건축 주민합의체,종로구,재건축,소규모재건축사업,준공,2026-09-10
11000UQ120PS202601310037,충신동 91-6,종로구,신속통합기획,신속통합기획,대상지선정(추진중),2026-09-10
11000UQ120PS202407010865,舊 신당10,중구,신속통합기획,신속통합기획,기획완료,2026-09-10
11000UQ120PS202411014371,광희동일반정비지구1지구,중구,재개발,재개발(도시정비형),구역지정,2026-09-10
11000UQ120PS202407232708,남대문-7-1,중구,재개발,재개발(도시정비형),사업시행인가,2026-09-10
11000UQ120PS202601310038,남대문로5가 18-5,중구,신속통합기획,신속통합기획,대상지선정(추진중),2026-09-10
11000UQ120PS202601310044,남대문로5가 1구역,중구,재개발,재개발(도시정비형),구역지정,2026-09-10
11000UQ120PS202411014286,"마포로5-10,11",중구,재개발,재개발(도시정비형),착공,2026-09-10
11000UQ120PS202411014268,마포로5-9-1,중구,재개발,재개발(도시정비형),착공,2026-09-10
11000UQ120PS202407232715,명동-1,중구,재개발,재개발(도시정비형),착공,2026-09-10
11000UQ120PS202407232716,명동-2,중구,재개발,재개발(도시정비형),관리처분계획인가,2026-09-10
11000UQ120PS202407232848,무교다동-16,중구,재개발,재개발(도시정비형),건축심의,2026-09-10
11000UQ120PS202407232842,무교다동-29,중구,재개발,재개발(도시정비형),관리처분계획인가,2026-09-10
11000UQ120PS202407232843,무교다동-31,중구,재개발,재개발(도시정비형),착공,2026-09-10
11000UQ120PS202505310035,무교다동구역 4지구,중구,신속통합기획,신속통합기획,대상지선정(추진중),2026-09-10
11140UQ120PS202604010001,봉래구역 제2지구,중구,재개발,재개발(도시정비형),건축심의,2026-09-10
11000UQ120PS202407232655,봉래구역 제3지구,중구,재개발,재개발(도시정비형),관리처분계획인가,2026-09-10
11000UQ120PS202407232720,"서-서1,2-1",중구,재개발,재개발(도시정비형),착공,2026-09-10
11000UQ120PS202407232742,서소문-10,중구,재개발,재개발(도시정비형),착공,2026-09-10
11000UQ120PS202407232743,"서소문-11,12",중구,재개발,재개발(도시정비형),착공,2026-09-10
11000UQ120PS202407232818,"세운3-2,3",중구,재개발,재개발(도시정비형),착공,2026-09-10
11000UQ120PS202407232817,"세운3-8,9,10",중구,재개발,재개발(도시정비형),사업시행인가,2026-09-10
11000UQ120PS202407232823,"세운5-1,3",중구,재개발,재개발(도시정비형),관리처분계획인가,2026-09-10
11140UQ120PS202604020001,세운6-1-3,중구,재개발,재개발(도시정비형),추진위구성,2026-09-10
11000UQ120PS202407232826,세운6-3-3,중구,재개발,재개발(도시정비형),착공,2026-09-10
11000UQ120PS202407232828,"세운6-4-22,23",중구,재개발,재개발(도시정비형),사업시행인가,2026-09-10
11000UQ120PS202411014365,수표,중구,재개발,재개발(도시정비형),착공,2026-09-10
11140UQ120PS202607060001,신당10,중구,재개발,재개발(주택정비형),조합설립인가,2026-09-10
11000UQ120PS202407232867,신당8,중구,재개발,재개발(주택정비형),관리처분계획인가,2026-09-10
11140UQ120PS202604200001,신당9,중구,재개발,재개발(주택정비형),건축심의,2026-09-10
11000UQ120PS202407232755,"양동-11,12",중구,재개발,재개발(도시정비형),관리처분계획인가,2026-09-10
11000UQ120PS202407232752,"양동-4-2,7",중구,재개발,재개발(도시정비형),관리처분계획인가,2026-09-10
11140UQ120PS202604010002,"양동-8-1,6",중구,재개발,재개발(도시정비형),관리처분계획인가,2026-09-10
11000UQ120PS202411014284,"을지로2가-1,3,6,18",중구,재개발,재개발(도시정비형),구역지정,2026-09-10
11000UQ120PS202407232785,"을지로3가-1,2",중구,재개발,재개발(도시정비형),착공,2026-09-10
11000UQ120PS202407232784,을지로3가-10,중구,재개발,재개발(도시정비형),착공,2026-09-10
11000UQ120PS202407232783,을지로3가-12,중구,재개발,재개발(도시정비형),착공,2026-09-10
11140UQ120PS202605210001,을지로3가-13,중구,재개발,재개발(도시정비형),건축심의,2026-09-10
11000UQ120PS202411014370,을지로3가-6,중구,재개발,재개발(도시정비형),착공,2026-09-10
11000UQ120PS202407232782,을지로3가-9,중구,재개발,재개발(도시정비형),착공,2026-09-10
11000UQ120PS202407010863,을지로3가구역 6지구,중구,신속통합기획,신속통합기획,기획완료,2026-09-10
11000UQ120PS202411014412,중림동 398,중구,재개발,재개발(주택정비형),조합설립인가,2026-09-10
11000UQ120PS202505310777,(가칭)면목동 119-1 일대 소규모재개발사업,중랑구,재개발,소규모재개발사업,조합설립추진중,2026-09-10
11000UQ120PS202505310769,(가칭)면목동 120-20 일대 소규모재개발사업,중랑구,재개발,소규모재개발사업,조합설립추진중,2026-09-10
11000UQ120PS202505310768,(가칭)면목동 120-8 일대 소규모재개발사업,중랑구,재개발,소규모재개발사업,조합설립추진중,2026-09-10
11000UQ120PS202411014185,망우1(염광아파트),중랑구,재건축,재건축(공동),조합설립인가,2026-09-10
11000UQ120PS202503070020,망우3동 427-5번지 일대,중랑구,모아타운,모아타운,관리지역고시,2026-09-10
11000UQ120PS202503070021,망우동 474-29,중랑구,모아타운,모아타운,사전자문,2026-09-10
11000UQ120PS202503070022,망우본동 354-2,중랑구,모아타운,모아타운,사전자문,2026-09-10
11000UQ120PS202503070024,"면목3,8동 44-6번지 일대",중랑구,모아타운,모아타운,관리지역고시,2026-09-10
11260UQ120PS202608140002,"면목3,8동 453-1번지 일대",중랑구,모아타운,모아타운,관리지역고시,2026-09-10
11000UQ120PS202503070026,면목5동 152-1번지 일대,중랑구,모아타운,모아타운,관리지역고시,2026-09-10
11000UQ120PS202407010887,면목7구역,중랑구,신속통합기획,신속통합기획,기획완료,2026-09-10
11000UQ120PS202411014507,면목7구역,중랑구,재개발,재개발(주택정비형),조합설립인가,2026-09-10
11260UQ120PS202604140003,면목8구역,중랑구,신속통합기획,신속통합기획,기획완료,2026-09-10
11260UQ120PS202605210001,면목8구역,중랑구,재개발,재개발(주택정비형),추진위구성,2026-09-10
11000UQ120PS202407010842,면목9구역,중랑구,재개발,재개발(주택정비형),조합설립인가,2026-09-10
11000UQ120PS202503070025,면목동 139-52,중랑구,모아타운,모아타운,대상지선정,2026-09-10
11000UQ120PS202502050023,면목동 174-1 일대,중랑구,신속통합기획,신속통합기획,기획완료,2026-09-10
11000UQ120PS202503070029,면목동 86-3번지 일대,중랑구,모아타운,모아타운,관리지역고시,2026-09-10
11000UQ120PS202503070030,면목본동 297-28번지 일대,중랑구,모아타운,모아타운,관리지역고시,2026-09-10
11000UQ120PS202503070028,면목본동 63-1번지 일대,중랑구,모아타운,모아타운,관리지역고시,2026-09-10
11000UQ120PS202503070034,묵2동 243-7,중랑구,모아타운,모아타운,관리지역고시,2026-09-10
11000UQ120PS202411014303,상봉10,중랑구,재개발,재개발(도시정비형),추진위구성,2026-09-10
11000UQ120PS202407010905,상봉13구역,중랑구,신속통합기획,신속통합기획,기획완료,2026-09-10
11000UQ120PS202505310060,상봉13구역,중랑구,재개발,재개발(주택정비형),추진위구성,2026-09-10
11000UQ120PS202411014298,상봉7,중랑구,재개발,재개발(도시정비형),사업시행인가,2026-09-10
11000UQ120PS202411014306,상봉9,중랑구,재개발,재개발(도시정비형),착공,2026-09-10
11260UQ120PS202605080001,신내1동 493-13번지 일대,중랑구,모아타운,모아타운,관리지역고시,2026-09-10
11000UQ120PS202505310834,신일빌라 소규모재건축사업,중랑구,재건축,소규모재건축사업,착공,2026-09-10
11000UQ120PS202505310835,장미아파트 소규모재건축사업,중랑구,재건축,소규모재건축사업,조합설립인가,2026-09-10
11000UQ120PS202505310836,장미연립 소규모재건축사업,중랑구,재건축,소규모재건축사업,조합설립추진중,2026-09-10
11000UQ120PS202503070092,중화1동 4-30번지 일대,중랑구,모아타운,모아타운,관리지역고시,2026-09-10
11000UQ120PS202411014309,중화3,중랑구,재개발,재개발(도시정비형),착공,2026-09-10
11000UQ120PS202411014496,중화5구역,중랑구,재개발,재개발(주택정비형),조합설립인가,2026-09-10
11000UQ120PS202502050022,중화6구역,중랑구,신속통합기획,신속통합기획,기획완료,2026-09-10
11000UQ120PS202503070094,중화동 299-8,중랑구,모아타운,모아타운,대상지선정,2026-09-10
11260UQ120PS202604200001,중화동 329-38번지 일대,중랑구,모아타운,모아타운,관리지역고시,2026-09-10
11000UQ120PS202411014150,중화동 우성타운,중랑구,재건축,재건축(공동),건축심의,2026-09-10
